date,Prec,Tmin,Tmax
20060601,1.6,7,15
20060602,0,6,17
20060603,0,7,21
20060604,0,11,25
20060605,0,14,23
20060606,0,14,23.5
20060607,0,10,24
20060608,0,12.5,27
20060609,0,10,29
20060610,0,15,30
20060611,0,14,31.5
20060612,0,18,31
20060613,0,17,32.5
20060614,0,18,33
20060615,0,17.5,33.5
20060616,3,21,33
20060617,2.8,19,29
20060618,0,20,31.5
20060619,11.8,18,33.5
20060620,0,21,29.5
20060621,0.7,18.5,29.5
20060622,0,20,26
20060623,0,17,28
20060624,0.5,18,30
20060625,6.2,20,32
20060626,3.6,17,30
20060627,11.6,18,29.5
20060628,0,20,31
20060629,0,20,30.5
20060630,0,20,31.5
20060701,0,19,32
20060702,0,19,34.5
20060703,0.6,21,34.5
20060704,0,23,36
20060705,30.5,22,31
20060706,4,16,25.5
20060707,0,18,27
20060708,0,18,30
20060709,0,18,28
20060710,0,20,32
20060711,0,21,35.5
20060712,0,25,35.5
20060713,0,23,33
20060714,0,22,34
20060715,0,24,34
20060716,0,23.5,34
20060717,0,25,35.5
20060718,0,21,34
20060719,0,25,35
20060720,0,26,36
20060721,0,24,38
20060722,2.9,25,34
20060723,0,25,34
20060724,0,24,36
20060725,0,25,37
20060726,0,23,38
20060727,2.6,25,35
20060728,13,20,30
20060729,0,21,31
20060730,0.1,20,35
20060731,0,23,29
20060801,0,22,30
20060802,12,19,26
20060803,8.2,15,21
20060804,0,16,21
20060805,2.1,16,23.5
20060806,0,16,25
20060807,0,17,27
20060808,0,18,27.5
20060809,0,18,25.5
20060810,0,18,25
20060811,10,16,22
20060812,1.5,13,20
20060813,0.3,12,21
20060814,0.1,13,23
20060815,2.7,13,27
20060816,2.1,15,27
20060817,10.8,16.5,28
20060818,0,15,28.5
20060819,7.2,14,29
20060820,0,14,25.5
20060821,0,14,25
20060822,0.1,16,26
20060823,0,15,25.5
20060824,0.1,15,27
20060825,0.1,13,26
20060826,1.5,15,24.5
20060827,0,14,23
20060828,6.2,13,24
20060829,11.2,14,18
20060830,0.1,10,21
20060831,0.1,10,23.5
20060901,0,11,29
20060902,0,17,28
20060903,0,18,31.5
20060904,0,20.5,30
20060905,0,20,30
20060906,0,19,31.5
20060907,0,20,31
20060908,0,16,25
20060909,0,14,30
20060910,0,18,30.5
20060911,0,19,31.5
20060912,0,15.5,31
20060913,4.6,16,30.5
20060914,7.7,17,27.5
20060915,22.2,17,21
20060916,0,16,24.5
20060917,0,17,23
20060918,0,14,24
20060919,0,14,23
20060920,0,11,26.5
20060921,0,17,28
20060922,0,18.5,25.5
20060923,0,18,26
20060924,5.6,18,22
20060925,0,13,20
20060926,0,13.5,21
20060927,0,13,21.5
20060928,0,10.5,22.5
20060929,0.1,11,25.5
20060930,3.1,17,24
20061001,10.7,18,22
20061002,0,15.5,25
20061003,6.4,15,19
20061004,1.2,10,20
20061005,0.1,9,18
20061006,5.2,11,20.5
20061007,0.1,9,16
20061008,0.1,9,20.5
20061009,0.1,6.5,24
20061010,0.1,9.5,23.5
20061011,3.1,12.5,22
20061012,0,14,19.5
20061013,0,13.5,17
20061014,0,14,18.5
20061015,0,13.5,19.5
20061016,0,10.5,21.5
20061017,0,8.5,21.5
20061018,5.6,14,20.5
20061019,20.8,14,18.5
20061020,5.8,14,20.5
20061021,0.1,12,21
20061022,1.5,13,20.3
20061023,0.1,14,22
20061024,0,14,21.5
20061025,0,10,23
20061026,0,13,27
20061027,0,13,27
20061028,0,15,24
20061029,0,10,24
20061030,1,12,16
20061031,2,7,21
20061101,0,9,15
20061102,0,3.5,10
20061103,0,1,10
20061104,0.1,-1,8.5
20061105,0,-1,9.5
20061106,0,0,6
20061107,0.1,2.5,13
20061108,0,5,18.1
20061109,0,8,15.2
20061110,0,6,8
20061111,5.2,5,11
20061112,0,10,13.5
20061113,0.4,7,14
20061114,0,10,18
20061115,0,7,18
20061116,14.9,14,20
20061117,42,11,11.5
20061118,0,6,16
20061119,9,6,15
20061120,1.6,3,10
20061121,11.2,6,12.5
20061122,0.4,6,11
20061123,1.2,9,14.5
20061124,0,11,18.5
20061125,0,16,20
20061126,0.2,8,16
20061127,0.1,8,19.5
20061128,8.6,8.5,18
20061129,0,8.5,13
20061130,0.2,8.5,13
20061201,0,4,15
20061202,3.2,9,16.5
20061203,0.8,10,16
20061204,1.2,11,18.5
20061205,17.8,10,20.5
20061206,10.9,10,10.5
20061207,5.5,4,15
20061208,18,9,16
20061209,3.1,3,9
20061210,0,3,9
20061211,0,-1.5,9.5
20061212,0.1,3,9.5
20061213,0.2,3,10
20061214,0,1,5.5
20061215,0.2,0,6
20061216,0.2,0,13
20061217,4.8,5,6
20061218,0,2,6
20061219,0,1,4
20061220,0.1,-3,4
20061221,0.1,-4,2
20061222,0,-3,1
20061223,0,-2,0.5
20061224,0.2,-2,0.5
20061225,0,-2,1
20061226,0,0,2
20061227,0,-1,2
20061228,0,0,2
20061229,0,-1,9
20061230,0,2,14
20061231,1.2,7,15
20070101,9,10,15
20070102,10,5,8
20070103,0.2,5,9.5
20070104,5.2,3,8
20070105,0,6,9
20070106,1.2,5,12
20070107,1.3,6,12
20070108,4.3,6,13.5
20070109,0.3,9,15.5
20070110,0,6,16
20070111,0.7,6,15.5
20070112,0.2,10,13.5
20070113,0,6,13
20070114,0.1,4,13
20070115,0.1,6,10.5
20070116,0.1,3,13
20070117,0.6,8,15
20070118,0.4,11,13.5
20070119,0,9,16.5
20070120,0.6,7,15
20070121,0,7,14.5
20070122,10.8,5,7
20070123,7.7,4,5
20070124,0,-2.5,0.5
20070125,0,-4,-1
20070126,0,-4,-0.5
20070127,0,-4,-0.5
20070128,0,-1,4
20070129,0,1,6.5
20070130,0,3,6.5
20070131,0,2,4
20070201,0,3,7
20070202,0,5.5,10
20070203,0.1,5,10
20070204,0,0,13.5
20070205,2.6,-1,8
20070206,2.6,4,10
20070207,1.7,3,11
20070208,1.4,6,10
20070209,5.5,0,12
20070210,10.2,8,11
20070211,5.5,6,12.5
20070212,3.9,8,13
20070213,0.4,9,13
20070214,7.8,4.5,13
20070215,0.2,7,16
20070216,0,0,19
20070217,0,8,10
20070218,0,5,15
20070219,0,3,14
20070220,0,4,15
20070221,0,4,16
20070222,0,3,16.5
20070223,3,6,17
20070224,6,9,16
20070225,3.6,8,12
20070226,3.2,7,13
20070227,0.3,7,13.5
20070228,0,9,15.5
20070301,3,10,15.5
20070302,2.1,10,14
20070303,0,12,17
20070304,0.2,5,19
20070305,0.4,11,14.5
20070306,1.5,5.5,16
20070307,4,8,15.5
20070308,0,8,14
20070309,4.8,4,12.5
20070310,0,5,12
20070311,0,4,14.5
20070312,0,2,18
20070313,0,3,19
20070314,0,7,18.5
20070315,0,6,18.5
20070316,0,6,18
20070317,0,5,15
20070318,5,6,17
20070319,3.3,3,6.5
20070320,2.5,3,5.5
20070321,2.8,2,6.4
20070322,4.5,3,5.5
20070323,0.6,3.5,9.5
20070324,1.2,3,6
20070325,0,2,11
20070326,0,2.5,17.5
20070327,0,4,19
20070328,0,5,17.5
20070329,4.4,6,17
20070330,4.7,5,11.5
20070331,0,1,10
20070401,0.5,5.5,15
20070402,0.4,7,18.5
20070403,0,10,17.5
20070404,0,6,13
20070405,0,4,16
20070406,0,6.5,22.5
20070407,0,6.5,22
20070408,0,9.5,22
20070409,0,8.5,24
20070410,0,10,24
20070411,0,10.5,24
20070412,0,12.5,24
20070413,0,15,22
20070414,0,14,25
20070415,0,12,28.5
20070416,0,15,28
20070417,0,13,26
20070418,0,14,23
20070419,0,9,24
20070420,0,9,26
20070421,0,10,27
20070422,0,11,30
20070423,0,12,29.5
20070424,0,13.5,30
20070425,0,13,28.5
20070426,0.8,19,28
20070427,0,16,23
20070428,0,14,28
20070429,23.6,15,24.5
20070430,10.9,14,24.5
20070501,4.2,12,24.5
20070502,3.5,11,17.5
20070503,0,9,18
20070504,4.5,12,19.5
20070505,2.7,12,16
20070506,0,12,22
20070507,0,13,19.5
20070508,1.4,14.5,21
20070509,0,15,24
20070510,0,10,29.5
20070511,0,17.5,24
20070512,0,16,26
20070513,5.8,14,26
20070514,52.2,10,17
20070515,0,8,17
20070516,19.4,8.5,15
20070517,12.4,12,16.5
20070518,0,14,22
20070519,1.1,11,28
20070520,0,17,28
20070521,0,15,27.5
20070522,0,15,30
20070523,0,19,30
20070524,2.9,17,29.5
20070525,0,16,33.5
20070526,11.3,17.5,27
20070527,1.5,14.5,19
20070528,3.5,10.5,17.5
20070529,0,9.5,17
20070530,1.9,6.5,22
20070531,10.6,12.1,19.5
20070601,3.5,12,18.5
20070602,0,12,21.5
20070603,0,15,25
20070604,43,15,27.5
20070605,3.5,15,26
20070606,1.7,16,26
20070607,10.7,17,26.5
20070608,0,17.5,29
20070609,9.2,19,30
20070610,13.6,19,30
20070611,23.6,18.5,22.5
20070612,0.2,17.5,26.5
20070613,0,17,30.5
20070614,6.3,20.5,29.5
20070615,7.2,17,24
20070616,0,12,26
20070617,5,15,25
20070618,0,18,31
20070619,0,17,34.5
20070620,43.7,20,29
20070621,3.8,16.5,26
20070622,0,14,26.5
20070623,0,14.5,25
20070624,2,14,30
20070625,0.8,17,22
20070626,1.3,15,22
20070627,0,13,20
20070628,0,9.5,22.5
20070629,0,12,27
20070630,0,13,27
20070701,29,17.5,27
20070702,0,16.5,24
20070703,4.2,15,20.5
20070704,3.2,14.5,20.5
20070705,0.7,12.5,22
20070706,0,15.5,27.5
20070707,0,16,30
20070708,34,17,21
20070709,8.3,15.5,22
20070710,0.4,11.5,16
20070711,0,13,22.5
20070712,0,13.5,24
20070713,0,13.5,29
20070714,0,18,33
20070715,0,18,35
20070716,0,21,32.5
20070717,2.8,20,30
20070718,0.1,19,31
20070719,1.4,19,32
20070720,11,18,23
20070721,3.4,18,25
20070722,0,15,26
20070723,7,18,27
20070724,1,17,24
20070725,0,16,28
20070726,0,17,30
20070727,0,19,31
20070728,0,18,31
20070729,1.3,20,30
20070730,0,17,23.3
20070731,0,14,26.5
20070801,0,15,32
20070802,1.7,19,27.5
20070803,0,17,26.5
20070804,0,15.5,30.5
20070805,0,16.5,35.5
20070806,33.1,20,31
20070807,1.8,18,22
20070808,1.4,14.5,23.5
20070809,3.4,14.5,22
20070810,0.2,12.5,18
20070811,0,15,25
20070812,0,18,28
20070813,0.3,18,29.5
20070814,0,17,30.5
20070815,27.9,21,33
20070816,1.1,18,24
20070817,0,15,23
20070818,0,11,21
20070819,15.9,12,23
20070820,6.7,12,22
20070821,17.5,14.5,22
20070822,0.5,14,23.5
20070823,0,14,26.5
20070824,0,16.5,27.5
20070825,0,15,30.5
20070826,0,17.5,29.5
20070827,0,17,30
20070828,6.7,18.5,26
20070829,24.6,20,21
20070830,0,15,21
20070831,0,14,22
20070901,0,14.5,22
20070902,0,12,24
20070903,1.2,11.5,22
20070904,0,13,21
20070905,0,9.5,19
20070906,0,9,20
20070907,0,15,22
20070908,0,12.5,22
20070909,0,12,23
20070910,0,13.5,24
20070911,0,14.5,22
20070912,0,12,22
20070913,0,11,28
20070914,0,14,27
20070915,0,13.5,25
20070916,0,12,30
20070917,17.8,17.5,27
20070918,4,13.5,19.5
20070919,0,9.5,18
20070920,0,7.5,22
20070921,0,8.5,25.5
20070922,8.8,11,27
20070923,0.1,16,23
20070924,0.9,15,26.5
20070925,0.2,13,20
20070926,5,11,16
20070927,24,9,12
20070928,6,8,14
20070929,2,8,20
20070930,0,13.5,24
20071001,0,13,25
20071002,0,13.5,25
20071003,3.4,12.5,25
20071004,2.9,16,22.5
20071005,2.4,14.5,21
20071006,0,16,22
20071007,0,12,20
20071008,0,10,21
20071009,3.3,11.5,17
20071010,1.8,12,17
20071011,0,11.5,16
20071012,0,7.5,16
20071013,0,10,13
20071014,0,5,20
20071015,0,7.5,23
20071016,0,8.5,21
20071017,1.7,10,23
20071018,0,10,15
20071019,0,7,13
20071020,0,2,12
20071021,0,2,12
20071022,0,2.5,10.5
20071023,0,0.5,10
20071024,0,2,8
20071025,0,3,12
20071026,0,3.5,10
20071027,0,5.5,12
20071028,0,4,14
20071029,1.5,4,17.5
20071030,0,9,14
20071031,0,6.5,12.5
20071101,0,6,12
20071102,0,1,12
20071103,0,6.5,12
20071104,0.2,8,15
20071105,0,7,12
20071106,0.6,2.5,10
20071107,0,4,10
20071108,0.3,6,12
20071109,1.5,5,8.5
20071110,3.5,0,6
20071111,1.1,5.5,12
20071112,0,7,10
20071113,6.9,1,7.5
20071114,1,2,8.5
20071115,0.1,0.5,3
20071116,0,-1,2
20071117,0,-2.5,2
20071118,1.6,-3.5,7
20071119,0.1,1.9,13
20071120,0,10,16
20071121,16.3,14.5,15
20071122,50.1,11,11.5
20071123,1.4,8,11
20071124,0.1,6,8
20071125,0,2,8
20071126,0,3,10
20071127,0,3.5,7.5
20071128,0,2.5,3.5
20071129,0.9,1.5,5
20071130,0,2,9
20071201,5,1,7
20071202,3.6,1,12
20071203,6.4,8,9
20071204,0.9,7,9
20071205,1.6,3,13
20071206,1,5.5,13.5
20071207,3,9.5,13
20071208,2,6,9.5
20071209,1,7.5,11
20071210,1.2,7.5,8
20071211,0.8,5,6
20071212,0,3.5,4
20071213,0,3,4
20071214,0,-2,2
20071215,0,-2,0
20071216,0,-5.5,-2.5
20071217,0,-6,-2.5
20071218,0,-6.5,-2
20071219,0,-4,-0.5
20071220,0,-4.5,0
20071221,0,-3,0
20071222,0,-4,3
20071223,0,-2,2
20071224,0,-3.5,-1
20071225,0,-4,1
20071226,0.7,-4,3.5
20071227,0.5,0.5,3.5
20071228,0,0,2
20071229,1.8,-4,9
20071230,0.3,2,7
20071231,0,1,8
20080101,0,0,2
20080102,1,-2,5
20080103,0.6,2,10
20080104,0,6,11
20080105,10,7,11
20080106,4.7,9,12
20080107,0.9,7,15
20080108,2.2,0,10
20080109,5.5,4,12
20080110,0.1,5,15
20080111,22,9.5,14
20080112,0.4,4,6
20080113,0,-1,9
20080114,1.1,4,10.5
20080115,4.2,2,10
20080116,0.5,7.5,10.5
20080117,1.7,5,12
20080118,0.1,6,14.5
20080119,0,9.5,12
20080120,0,5.5,15
20080121,0.6,1.5,9
20080122,0,5.5,12
20080123,0,2.5,7.5
20080124,0,-1,10
20080125,0,4.5,9.5
20080126,0,1,5
20080127,0,-2,1.5
20080128,0,-2.5,6
20080129,0,-2,9.5
20080130,1,0.5,8
20080131,3,2,6
20080201,7.3,2,9
20080202,0,2.5,7.5
20080203,6.6,-3,11.5
20080204,1,4.5,9
20080205,0.5,0.5,12
20080206,0,5,14
20080207,0,3.5,11
20080208,0,0,9.5
20080209,0,-1,13
20080210,0,-2,11
20080211,0,-1,10.5
20080212,0,-2,9.5
20080213,0,-1.5,9.5
20080214,0,-1,10.5
20080215,0,-1.5,2
20080216,0,1,6
20080217,0,-3,11
20080218,0,0,10.5
20080219,0,0,13
20080220,2.1,4,13
20080221,0,7,13
20080222,0,3,15
20080223,0,4,16
20080224,0,6,17
20080225,0,3.5,16
20080226,2,7,16.5
20080227,0,11,13
20080228,0,5,15
20080229,0.2,9.5,16
20080301,0,12,17
20080302,0,8,19
20080303,3.3,8,17
20080304,3.9,4.5,5.5
20080305,0,2.3,5.5
20080306,0,-1,7.5
20080307,1,3.5,8.5
20080308,0,2,12.5
20080309,1.2,-1.2,13
20080310,0.7,5,9.5
20080311,3.4,7,10
20080312,0,8,16
20080313,0,7.5,15
20080314,0,6,17.5
20080315,1,4,20
20080316,3.1,9,16
20080317,1.4,7,10.5
20080318,0,4,9
20080319,0,1.5,9
20080320,0.2,2,7.5
20080321,8.8,3.5,10
20080322,2.5,2,10
20080323,1.9,2,4
20080324,4.8,-2,6
20080325,0,1,7.5
20080326,2.3,3.5,11
20080327,0,7,11.5
20080328,0.1,2.5,15
20080329,0,4.5,16
20080330,6.7,4,18
20080331,0,7.5,13
20080401,0,5.5,14.5
20080402,6.5,5.2,15
20080403,0,9.3,15
20080404,0,5.5,14.5
20080405,0,4.5,16.5
20080406,2,8,13
20080407,0,0,10.5
20080408,4.6,4.5,9.5
20080409,12.3,9.5,18
20080410,7.7,11.5,20
20080411,26.2,9.5,11
20080412,0.1,4,16
20080413,8.2,4,18
20080414,0.2,4,13
20080415,0.8,3,12
20080416,0,3,10
20080417,5.6,3,13
20080418,4,5,16
20080419,0,8,17.5
20080420,2.8,12.5,16
20080421,5.6,11.5,15
20080422,0.7,9.1,15.5
20080423,0,11.5,19
20080424,0,13,21
20080425,0,9,20.5
20080426,0,9,24
20080427,0.2,9,25
20080428,22.9,10,14
20080429,0,8,14.5
20080430,10,10,
20080501,0,7,19
20080502,0,10,27
20080503,0,10.5,27.5
20080504,0,12,25
20080505,0,13.5,23.5
20080506,0,16.5,24
20080507,0,11.5,26
20080508,0,14,25
20080509,0,15,25
20080510,0,14,26
20080511,0,14,26
20080512,0,14,25.5
20080513,0,12,27
20080514,1.3,17.5,24
20080515,9.3,14.5,19
20080516,12,11.5,23
20080517,3.9,13,19
20080518,0,12,20.5
20080519,0,11,20
20080520,0,12.5,19
20080521,0,10.5,20
20080522,0,11,20
20080523,0,10,26
20080524,4.5,17.5,24.5
20080525,7.5,15,21
20080526,12,16,23
20080527,3,17,26.5
20080528,10,16.5,25.5
20080529,5.8,14,22
20080530,11,15.5,21.5
20080531,2.4,16,20.5
20080601,7.8,16.5,20.5
20080602,1.5,16,23
20080603,0,13.5,24
20080604,0.5,13.5,20
20080605,12.6,13,16
20080606,2,12,14
20080607,0.3,12,15
20080608,8.3,11.5,18
20080609,11.1,13,25.5
20080610,0.9,14.5,27.5
20080611,0.4,16.5,23.5
20080612,0.6,15,23.5
20080613,0,11.5,19.5
20080614,0.8,12,21
20080615,3.7,8,19
20080616,7,11,17
20080617,3.4,13.5,23
20080618,0,14,26
20080619,0,15,29.6
20080620,0,15.5,30
20080621,0,18.5,32
20080622,0,22,35
20080623,0,22,34
20080624,0,23,32
20080625,0,21,29
20080626,0,20,31
20080627,0,20,28
20080628,0,18,29
20080629,0,18,30
20080630,0,19,31
20080701,0,22,35
20080702,33.8,23,33
20080703,17.9,16.2,20
20080704,0,13,25
20080705,4,15,30
20080706,16,17,22
20080707,0,14,26
20080708,0,13.5,25
20080709,0,15.5,28
20080710,0.7,17,32.5
20080711,36,21,28
20080712,5.8,16,22.5
20080713,5.6,15,21.5
20080714,0,12,22.5
20080715,0,12,27
20080716,0,14,28
20080717,17,17.5,25.5
20080718,0,15,26
20080719,0,15,31
20080720,0,19,28
20080721,0,16,22
20080722,0,14,23
20080723,0,13,28
20080724,0,13,29
20080725,2.4,20,29
20080726,0.2,16,28
20080727,0,16,29
20080728,0,19,32
20080729,0,21,29
20080730,0.6,21,32
20080731,0,21,33
20080801,23.1,18,20
20080802,0,14,
20080803,0,16,29
20080804,0,18,30
20080805,0,19,28
20080806,1.4,20,31
20080807,4.5,21,29
20080808,0,16.5,25
20080809,0,14,28
20080810,0,13,29
20080811,6.6,17.5,25
20080812,16.1,20,24
20080813,0,14,25
20080814,2.2,14,24
20080815,10.3,14,18
20080816,0,10,20
20080817,0,14,25
20080818,0,14,29
20080819,13,19,26
20080820,0,15,22
20080821,0,12,25
20080822,8.2,15,23
20080823,0,14,22
20080824,0,10,24
20080825,0,15,25
20080826,0,14,24
20080827,0,15,26.5
20080828,0,16,27
20080829,0,15,27
20080830,0,14,31.5
20080831,10,18.5,30.5
20080901,0,17,23.5
20080902,5.4,13.5,27
20080903,29.5,17,26
20080904,18.4,16.5,19
20080905,6.4,15,28
20080906,3.8,15,19.5
20080907,0,11.5,23
20080908,0,12,25
20080909,0.3,11,25
20080910,0.1,16,27
20080911,37,18,27
20080912,2.5,13,16
20080913,6,12,15
20080914,0,11,17
20080915,0,8,16
20080916,0,7,17
20080917,0,6,21
20080918,0.6,10,21
20080919,0,14,22
20080920,0,10,20
20080921,0,5,17
20080922,0,6,18
20080923,0,7,17
20080924,0,7,17
20080925,0,7,18
20080926,0,7,17
20080927,0,9,18
20080928,0,6,18.5
20080929,0,6,20
20080930,0,9,19
20081001,0,12,22
20081002,2.5,12,18
20081003,0,6,15
20081004,0.6,5,
20081005,0,2,17
20081006,0,12,21
20081007,4.5,10,22
20081008,29,13.5,15.5
20081009,0,11.5,14
20081013,0,10,23
20081014,0,13,23
20081015,0.3,14,22
20081016,5.2,14,18
20081017,0,10,14
20081018,0,6,14
20081019,0,5,17
20081020,0.5,8.5,22
20081021,34.8,14,22
20081023,0,6,10
20081024,0,5,15
20081027,16.8,7,12
20081028,7.4,8,12
20081029,2.6,6,8
20081030,1.1,4.5,8
20081031,5,6.5,15
20081101,50,7,19
20081102,3.8,9,14
20081103,0,8,18
20081104,5.5,7.5,12
20081105,0.4,10,15
20081106,0.2,9,13
20081107,0,9,14.5
20081108,3.6,9,15
20081109,0,9,16
20081110,0,10,18
20081111,4.7,10,16.5
20081112,0,6.5,12
20081113,0,6.5,11
20081114,0,4,11
20081115,1.4,1,9
20081116,0.3,4,10
20081117,3.2,8,12
20081118,1.5,5,10
20081119,0,8,12
20081120,0,5,11
20081121,4.4,6,13
20081122,2.1,2,7
20081123,5.9,0,6
20081124,1.2,3,7
20081125,0,3,4.5
20081126,0,2,5
20081127,0,-3.5,6
20081128,0,-2.5,2
20081129,16.5,-2,7
20081130,0,4,12
20081201,0.5,4,8
20081202,0,4,6.5
20081203,0.2,0,6
20081204,6.3,-1,7.5
20081205,1.5,6,12
20081206,0.3,3,9
20081207,0,0,7
20081208,0,-0.5,5.5
20081209,18.5,-1,6
20081210,10.3,1,3
20081211,1,1,4
20081212,0,-1,4
20081213,0,-1,8
20081214,0.3,1,4
20081215,0,2,5
20081216,0.2,1,4
20081217,0.3,1.5,4
20081218,1.5,1,5
20081219,0.2,3,5.5
20081220,1.3,4,8
20081221,0,6,11
20081222,0,8,9
20081223,0,6.5,8.5
20081224,0,5,6
20081225,0.2,3,5.5
20081226,0,2,5
20081227,0,-4,5
20081228,0,-5,1
20081229,0,-4,4
20081230,14.2,0,9
20081231,0,6,11
20090101,0,1,1.5
20090102,0,-1,0
20090103,0,-1,0
20090104,0,-2,1.5
20090105,0,-5.5,0
20090106,0,-3.5,-1
20090107,0,-3,-1
20090108,0,-4,-0.5
20090109,0,-4,2.5
20090110,0,-7,-1
20090111,0,-8,-2
20090112,0,-5,2
20090113,1.5,-6.5,5
20090114,0.2,-3,5.5
20090115,0.1,1,2
20090116,0.2,0,8
20090117,0,-3,7
20090118,1,-2,8
20090119,3.6,7,12
20090120,0,4.5,8.5
20090121,0,-1,7
20090122,4.9,-2,6
20090123,5.3,6,14
20090124,7.2,3,8
20090125,0.3,-1,7
20090126,0.5,1,7.5
20090127,1.3,2.5,6.5
20090128,0,3,5.5
20090129,0,-2.5,5.5
20090130,0,-3,6
20090131,0,-1,6
20090201,0,1,6
20090202,6.3,1.5,7
20090203,10.9,3,6
20090204,0.4,1.5,12
20090205,6.6,3.5,11
20090206,63,2,9.5
20090207,12.7,1,5
20090208,0.4,1,4
20090209,0,1,11
20090210,0,2,13
20090211,3.2,3,6.5
20090212,1,0.5,4.5
20090213,0.4,0,4
20090214,0,0,4
20090215,0,-3,3
20090216,0.1,-2,5
20090217,7.3,1.5,6
20090218,0,3.5,8
20090219,0,-2,5
20090220,0,-3,7.5
20090221,0,5,8
20090222,2.9,4,6
20090223,0.2,4,9
20090224,0,4,9.5
20090225,0,0.5,9.5
20090226,0,-1.5,12
20090227,0,2.5,14
20090228,0,0,15
20090301,5.7,9,13
20090302,0.2,7,11
20090303,0,6.5,12
20090304,2.3,3.5,9
20090305,0,2.5,6
20090306,0,3,8.5
20090307,0,1.5,10
20090308,0.4,2.5,13
20090309,0.8,5,11.5
20090310,2.8,1.5,10.5
20090311,0,5.5,12.5
20090312,0,0.5,13.5
20090313,0,2,16.5
20090314,0,3,20
20090315,0,9,15
20090316,0,4,16.5
20090317,0,3.5,17.5
20090318,0,5.5,18
20090319,0,4.5,17
20090320,0,4,9.5
20090321,0,2,11
20090322,0,3,14
20090323,7,0.5,17
20090324,1.6,2.5,10
20090325,1.8,1.5,11.5
20090326,0,5,15
20090327,0,6,19.5
20090328,5.6,8,12
20090329,0,5.5,11
20090330,0,4,12.5
20090331,0,2.5,15.5
20090401,0,3,17
20090402,2.1,6,16
20090403,0,7,19.5
20090404,0,7,21
20090405,0,10,21
20090406,0,7,23.5
20090407,1.2,11,18
20090408,0,9,19
20090409,0,9,23
20090410,0,11,23
20090411,0,11,22
20090412,0,12.5,21
20090413,0,13.5,19
20090414,0,11,24
20090415,10.6,12.5,22
20090416,6.6,9,17
20090417,0,7,17
20090418,0,7,18
20090419,0,6,18
20090420,0.1,13,18.5
20090421,0,12.5,21.5
20090422,0,11.5,23
20090423,0,12,19.5
20090424,0,7.5,21
20090425,0,12,21
20090426,24.9,12,13.5
20090427,2,10,16
20090428,0,8.5,17
20090429,1,9,14
20090430,0,6.5,17.5
20090501,0,7.5,19
20090502,0,12,21
20090503,0,13.5,22
20090504,0,11,18.5
20090505,0,9,17.5
20090506,0,9.5,24.5
20090507,4.5,10,28.5
20090508,0.8,16,22
20090509,0,11,24
20090510,0.4,13,21
20090511,0.9,15,27
20090512,0,16,28.5
20090513,0.6,14,24
20090514,12.9,16.5,24
20090515,8.1,12.5,16.5
20090516,0,10.5,24
20090517,1,12.5,26
20090518,0,13,23
20090519,0,10.5,29
20090520,0,14,31
20090521,0,18,28
20090522,0,17,28
20090523,0,16,33
20090524,0,19,34.5
20090525,0,18,33.5
20090526,3.7,18,21
20090527,0,11,20.5
20090528,0,13,24
20090529,0,15,25
20090530,0,11,25
20090531,0,16,25
20090601,0,13,25
20090602,0,16,27
20090603,0,17,27
20090604,0,14.5,25
20090605,12.4,12.5,22
20090606,4.4,16,21.5
20090607,0,13.5,23
20090608,19.2,14,22.5
20090609,0.1,12.5,25.5
20090610,0.1,12,25
20090611,0,17,27.5
20090612,0,12.5,27
20090613,0,14,31
20090614,2.9,16,34.5
20090615,15,19,31
20090616,0,17.5,23
20090617,0,16,31
20090618,5,20,31
20090619,1.5,19,26
20090620,0,13,22
20090621,0,12.5,22
20090622,0,14,23
20090623,0,12.5,24
20090624,0,12,26
20090625,0,15.5,30
20090626,10,18.5,27
20090627,0,17,25
20090628,0,16,30
20090629,0,17,32
20090630,0,19.5,32.5
20090701,0,20,32.5
20090702,0,20,34
20090703,0,21,30
20090704,0,20,30
20090705,8.8,20,28
20090706,0,18,28
20090707,2.6,18,22
20090708,0,15,23.5
20090709,0,18,24
20090710,0,15,26
20090711,0,13.5,26.5
20090712,0,16,33.5
20090713,0.5,20,33
20090714,16.4,20.5,32.5
20090715,0,20,29
20090716,5.5,19,35
20090717,14,17,20
20090718,0,14,24
20090719,0,16,25
20090720,0,14,30.5
20090721,0,21.5,32
20090722,0.2,22.5,32
20090723,0.4,26,29.5
20090724,2.4,18,26
20090725,0,16,27
20090726,0,14,30
20090727,0,15,33
20090728,0,19,29
20090729,0,17,35
20090730,0,19,28
20090731,0,17.5,28
20090801,1,15,35
20090802,0,18,25
20090803,0,14,25
20090804,0,15.5,28.5
20090805,0,15,31.5
20090806,0,17,35
20090807,0,21,26.5
20090808,0,21,28.5
20090809,5.5,18,27
20090810,0,19,26
20090811,0,15.5,29.5
20090812,0,18.5,29.5
20090813,0,17.5,33
20090814,0,18.5,32
20090815,0,19,36
20090816,0,21,38
20090817,0.5,18,35
20090818,0,21,35.5
20090819,0,19,39.5
20090820,0,21.5,38.5
20090821,12,21.5,29
20090822,0,18.5,28.5
20090823,0,16,31.5
20090824,0.7,17,34
20090825,10.5,19,22.5
20090826,0.1,17,28.5
20090827,0,17.5,32.5
20090828,0,19,28.5
20090829,0,15,23
20090830,0,12,24.5
20090831,0,12,32
20090901,18,22.5,30.5
20090902,0.3,18,21
20090903,0,17,26
20090904,2.1,17.5,26.5
20090905,0,10.5,21
20090906,0,11.5,24
20090907,0,9.5,29.5
20090908,0,12,31
20090909,0,14,28.5
20090910,0,14.5,26.5
20090911,0,17,22
20090912,0,14,24
20090913,0,13,20
20090914,0,9.5,22.5
20090915,8,10,15.9
20090916,0,13,14
20090917,0,12,22
20090918,0,12,22.2
20090919,6,11,24
20090920,16,14,18
20090921,0,11.1,24
20090922,0,16,22.2
20090923,0,14,26
20090924,0,13.5,25
20090925,0,15.5,19
20090926,0,11.1,22.2
20090927,0,11.1,22.2
20090928,0,11.5,25
20090929,0,10.5,24.5
20090930,0,11,23.5
20091001,0,11,22.5
20091002,0,13.5,19
20091003,0,8,20
20091004,0,9,19
20091005,0,8,25
20091006,0.7,18.5,24
20091007,1.4,16.5,27
20091008,28,19,21
20091009,8.2,15.5,19
20091010,1.7,15,20
20091011,2.1,11.5,19
20091012,0,13,15.5
20091013,0,8,13
20091014,0,6.5,12
20091015,0,0.5,9
20091016,1.1,1,12
20091017,1,6,11
20091018,0,3,12
20091019,0,1,11
20091020,0,4,16.5
20091021,37.8,12.5,15.5
20091022,12.5,7,15.5
20091023,0.2,10.5,15.5
20091024,4.4,6,17
20091025,0.1,8,17.5
20091026,0,6,17
20091027,0,5,15.5
20091028,0,5,16.5
20091029,0,4,17
20091030,0,6.5,9
20091031,0,8,14
20091101,17.3,8,18
20091102,6.2,11,13
20091103,4.7,6.5,12
20091104,0.1,9,14.5
20091105,4.7,7,11
20091106,0.4,6,13
20091107,3.3,4,11
20091108,0,1,11
20091109,2,5,9
20091110,2.4,6,8.5
20091111,0,3,9.5
20091112,2.4,2,10.5
20091113,0,6,17.5
20091114,0,13,17.5
20091115,2,8,16
20091116,0,9,21.5
20091117,2,8.5,19.5
20091118,0,9,15.5
20091119,0,6,14.5
20091120,0,8,20.5
20091121,0,8,19
20091122,0.8,10,15
20091123,0.3,10,15.5
20091124,0.1,11.5,16.5
20091125,0,5.5,16
20091126,0,9,14.5
20091127,0,4.5,13
20091128,0,6,13
20091129,23.2,11,13
20091130,0.2,5,8
20091201,0,5,10
20091202,2,1.5,10
20091203,6,6,9
20091204,2.8,3.5,6
20091205,0,1,10
20091206,8,6,13
20091207,6.2,9,13
20091208,0.3,4.5,10
20091209,0.6,7,9
20091210,0.1,8,11
20091211,0,5,9
20091212,1,2,4
20091213,0,1,2
20091214,0,0,3
20091215,0,-1.5,0
20091216,0,-2,-1
20091217,2.8,-2,2
20091218,0,-2.5,1
20091219,0,-6,-3
20091220,0.3,-9,2
20091221,0,0,11
20091222,5.5,8.5,13
20091223,6.9,3,9
20091224,3.1,5,15
20091225,0,3.5,10
20091226,0,-3,3
20091227,0,-2.5,8
20091228,6,1,9
20091229,1.8,5,15.5
20091230,5.6,9.5,14
20091231,5.4,6,15
20100101,1,3.5,7
20100102,0,0,3
20100103,10,-3,0
20100104,0.8,-2,-0.5
20100105,0,-3,-1
20100106,0,-2,2
20100107,0,-5,2
20100108,6.3,-0.5,0
20100109,6.4,-4,-3
20100110,0,-4,0
20100111,0,-5.5,0.5
20100112,6,-3,4
20100113,1.2,0,5.5
20100114,9.2,0.5,4
20100115,0,3.5,5
20100116,7.5,1,8
20100117,0.4,6,9.5
20100118,0,1,8
20100119,0,-1,5
20100120,6,0.5,5
20100121,0.2,2,8
20100122,0,-1,5
20100123,0,0,5
20100124,2.4,0,6.5
20100125,0,0.5,5.5
20100126,0,1,2
20100127,0,-2,-1
20100128,0.3,-2.5,1
20100129,3,-1,5
20100130,2.9,1,3
20100131,0,-2,4
20100201,3.8,-5,5
20100202,0,0,4.5
20100203,0,3,10
20100204,2.9,-2,9
20100205,20,4,7
20100206,4.3,3,10
20100207,0,4,6.5
20100208,1.6,0.1,6
20100209,14.9,0.1,2
20100210,0,-3,0
20100211,0,-5.5,-3
20100212,0,-4,1
20100213,0,-4,0.5
20100214,0,-2,1.5
20100215,0,-1.5,2
20100216,2.7,-4.5,3
20100217,1.2,0.1,9
20100218,5,5,15
20100219,2.8,6.5,7
20100220,0,2,7
20100221,0,1,11
20100222,0.8,8,13
20100223,4,9.5,13
20100224,1,7,14.5
20100225,3.9,8,14.5
20100226,0,7,13
20100227,0,0,14
20100228,0,8,17
20100301,1.3,1.5,13
20100302,0,4.5,15
20100303,1.5,4,9.5
20100304,0.1,4,8.5
20100305,0,-1,7.5
20100306,0,-0.5,8
20100307,2,-4.5,1
20100308,0,-4,6
20100309,0,-3,3
20100310,0,-4.5,3.5
20100311,0,-3.5,2
20100312,0,-1,8
20100313,0,-2,9
20100314,0,2,9
20100315,0,2.5,12
20100316,0,-1,14.5
20100317,0,0,20
20100318,0,4.5,18
20100319,0.8,8,21
20100320,3.4,13,17
20100321,7.9,12,19
20100322,0,10,16.5
20100323,0,4,21
20100324,0,7,20.5
20100325,23,13.5,20
20100326,6.3,6,16
20100327,3.2,7,13.5
20100328,0.6,9.5,15
20100329,0,7.5,20
20100330,6.8,7,11.5
20100331,4.3,7.5,15.5
20100401,0,5,14
20100402,0,3.5,16.5
20100403,4.3,8,12
20100404,0,7,16
20100405,0,5,14
20100406,0,3,22
20100407,8,12,18
20100408,1.6,8,12
20100409,0,10,17
20100410,0,8,18
20100411,0,6,15
20100412,0,5,13
20100413,0,6,15
20100414,0,5,16.5
20100415,0,3.5,17
20100416,0,4.5,18.5
20100417,0,6,20.5
20100418,0,9,24
20100419,0,9,23.5
20100420,0,10,23
20100421,0,9,24
20100422,0,10,23.5
20100423,0,12,21
20100424,0,10,25
20100425,0,11,27
20100426,0,14,23.5
20100427,0,13,23
20100428,0,13,28
20100429,0.8,16,27
20100430,12,14,22
20100501,16,14,16
20100502,6,12,15
20100503,6.2,8,14
20100504,3.9,6,11.5
20100505,9,6,8
20100506,0.3,5,10.5
20100507,0.1,7,18
20100508,0,10,19
20100509,5.2,11,15
20100510,11,11.5,22.5
20100511,25,13,17.5
20100512,3,10,16
20100513,0,8,15
20100514,0.2,9,13
20100515,0,8,11
20100516,0,9,16.5
20100517,0,10,18
20100518,0,8,19
20100519,0,10,18.5
20100520,0,9,20.5
20100521,0,11,23
20100522,0,12,25
20100523,0,14,27.5
20100524,0,13.5,30.5
20100525,0.6,17.5,30.5
20100526,13,17,27.5
20100527,0.3,15,22
20100528,0,14.5,22.5
20100529,5.3,12,25
20100530,6.3,15,24
20100531,0.3,12.5,20.5
20100601,0.4,12,20.5
20100602,0,14,22
20100603,0,14.5,23.5
20100604,0,13,26.5
20100605,0,16,31
20100606,17,21,29
20100607,0,16,24.5
20100608,2.8,15.5,25.5
20100609,3.4,18,25.5
20100610,0.2,18,29.5
20100611,8.3,18,27
20100612,0,13,26
20100613,0,15.5,27
20100614,22,15,22
20100615,8,14,19
20100616,21,14,19
20100617,6,14,21
20100618,1.5,14,21
20100619,6,14,18
20100620,0,11,16
20100621,0,11,18
20100622,0,12,20
20100623,0,13,25.5
20100624,0,15,27.5
20100625,0,15.5,29.5
20100626,0,17,30
20100627,0,18,30.5
20100628,0,19,31
20100629,0,20,32.5
20100630,0,21,33
20100701,0,22,33.5
20100702,0,23,35
20100703,6,23,33.5
20100704,0,21,30.5
20100705,0,21,30.5
20100706,0,18,27
20100707,0,18,31
20100708,0,18,36
20100709,0,23,36.5
20100710,0,22.5,34.5
20100711,0,21.5,34.5
20100712,6,23.5,37
20100713,0,19,32.5
20100714,0,19,36
20100715,0,20,30
20100716,0.5,17,32
20100717,0,20,24
20100718,0,15,28
20100719,0,18,31
20100720,0,18,34.5
20100721,0.6,22,33.5
20100722,1.9,20,22
20100723,1.5,17,23.5
20100724,0,17,24
20100725,0,15,25.5
20100726,0,15.5,24
20100727,0.1,17.5,25.5
20100728,2.3,14.5,30
20100729,0,19,23
20100730,0,12.5,25.5
20100731,0,15,30.5
20100801,15,18.5,32
20100802,25,18,22.5
20100803,0,17.5,25
20100804,14,15,27
20100805,0,15.5,22.5
20100806,0,13,24
20100807,0,12,27
20100808,0,15,29
20100809,0,15,31
20100810,0,19.5,30
20100811,0.9,18.5,29.5
20100812,0,19.5,26.5
20100813,0,14,26
20100814,0,16.5,24
20100815,6.6,16,22.5
20100816,0.2,14,21
20100817,0,12,27.5
20100818,0,15,22.5
20100819,0.3,14.5,29
20100820,1,19,29.5
20100821,0,18,33
20100822,0,18,34
20100823,0.5,22,31.5
20100824,0,20,27
20100825,0,12.5,29.5
20100826,1,19,36
20100827,0,22,29.5
20100828,0,19,21
20100829,0,11,23
20100830,0.3,14,20
20100831,0,12,22.5
20100901,0,9,25
20100902,0,11,27
20100903,0,12,27
20100904,0,13,26
20100905,0,15,28
20100906,4.5,14,30
20100907,150,17,18
20100908,0.6,14,23
20100909,1.1,13,21
20100910,0,11,23.5
20100911,0,12,26
20100912,0,13,27
20100913,0,14,21
20100914,0.1,11,23
20100915,2.8,10.5,27
20100916,1.6,14.5,21
20100917,0.2,12,21
20100918,0,12,22
20100919,0,8,19
20100920,0,7,26.5
20100921,0,10,25
20100922,0,12,26
20100923,1.3,12,27.5
20100924,18.9,15,19
20100925,0.9,12,17
20100926,0,8,17
20100927,1,4.5,14.5
20100928,0.1,6.5,16
20100929,0.1,7.5,18
20100930,1.2,8,15
20101001,0,9,19
20101002,0,13,24.5
20101003,0,19,25.5
20101004,21.5,15,25
20101005,0,14.5,21
20101006,0,10.5,23.5
20101007,0,9.5,25
20101008,0,13.5,25
20101009,0,15,24
20101010,0,12,21
20101011,0,13,18
20101012,0,11,18
20101013,0,7,15
20101014,0,8,13
20101015,0,8.5,11
20101016,12.4,9,11
20101017,0.4,7,9
20101018,0,7,11
20101019,1.3,4,12.5
20101020,0,8.5,12.5
20101021,0,1.5,10.5
20101022,0,0.5,17
20101023,7.5,10,17.5
20101024,7,9,11
20101025,0,6,9.5
20101026,0,5,11.5
20101027,0,0.5,14
20101028,0,1.5,17
20101029,0,2,19
20101030,14.5,14,16
20101031,28.5,9,14
20101101,0,11,16.5
20101102,0.4,11,13.5
20101103,0.1,9.5,16
20101104,0.2,11.5,18
20101105,0.4,14,17.5
20101106,0.8,11.5,17.5
20101107,8,10,11
20101108,0.5,3.5,9.5
20101109,0.4,6,12.5
20101110,1.7,9,12
20101111,2.4,1.5,13
20101112,0.4,11,16.5
20101113,0,9,18.5
20101114,13,16.5,19
20101115,24,6,8
20101116,0,7,9.5
20101117,2.4,4.5,10
20101118,0,5,11.5
20101119,0,6,13
20101120,9.3,5,11
20101121,0,5,11
20101122,2.3,3,7
20101123,0.3,5,6
20101124,0.2,3.5,7.5
20101125,2.9,2,5
20101126,0,0,4
20101127,0.5,-1.5,4.5
20101128,0,0,5
20101129,0,-1,5
20101130,13,-3,1
20101201,2,-1.5,0.5
20101202,1,-3,1
20101203,2,-6,1
20101204,0,-4,5
20101205,14,-5,11
20101206,2.5,6,15
20101207,0.3,9,16.5
20101208,3.2,16,18.5
20101209,0,3,7
20101210,0,-4,3
20101211,0,-2,5
20101212,0,2.5,5
20101213,0,1.5,3.5
20101214,0.3,-4.5,-0.5
20101215,0.2,-3,-2
20101216,1.2,-3,0.5
20101217,1,0,2
20101218,0,-6,4
20101219,0,0,9
20101220,0.3,3,11
20101221,9,3.5,11
20101222,2.2,7,16
20101223,6.3,7,9.5
20101224,3,0.5,2
20101225,0.5,-2,-1
20101226,0,-5,0
20101227,0,-5.5,1
20101228,0,-4,6
20101229,0,0,5.5
20101230,0.1,2,9
20101231,0.1,5,6.5
20110101,0,2,4.5
20110102,0,2,3
20110103,0,-2,1.5
20110104,0,-4,0.5
20110105,3.8,-5,9.5
20110106,0.7,8,12.5
20110107,0,12.5,16
20110108,0,12,17
20110109,12,9,14
20110110,0,6,7
20110111,8.3,3,9
20110112,1.4,4,10
20110113,0,7,13
20110114,0.3,7.5,13.5
20110115,0,4.5,13
20110116,0.3,0,11.5
20110117,0.2,4,12
20110118,0.5,3,11
20110119,0,5.5,7
20110120,0,1.5,3.5
20110121,0,0,3
20110122,0,-2,3
20110123,0,-4,1
20110124,0.3,-6,3.5
20110125,0,0.5,5
20110126,0.3,0,6
20110127,0,1,4
20110128,0,1,4
20110129,0,-4.5,3
20110130,0,-1,1
20110131,0,-1.5,0
20110201,0,-2,-1
20110202,0,-2,2
20110203,0.4,0.5,4.5
20110204,0,2.5,12
20110205,0,6,12
20110206,0,-1,13
20110207,0,-2,14
20110208,0,2,9.5
20110209,0,3,7.5
20110210,0,1.5,10.5
20110211,0.2,3.5,12.5
20110212,0,0,12.5
20110213,0,4.5,14
20110214,11,7,11
20110215,0,6,12.5
20110216,0,2,11
20110217,0,2,12
20110218,0,5,8
20110219,5.5,4,7.5
20110220,1.2,4.5,9
20110221,0.3,5,11
20110222,2.8,6,9.5
20110223,3.8,0.5,7
20110224,3.1,4,8.5
20110225,0,6.5,13
20110226,12.6,8,10
20110227,0.7,8,8.5
20110228,0,3,7.5
20110301,0,6,8
20110302,0,3,5.5
20110303,0,-0.5,8.5
20110304,0,-1,11.5
20110305,0,-0.5,12
20110306,0,4,11.5
20110307,0,0.5,13
20110308,0,4.5,14.5
20110309,0,3.5,14.5
20110310,0,1.5,17
20110311,0,4,15
20110312,8.2,8,14
20110313,9,8,12
20110314,0.2,6,17.5
20110315,1.4,6.5,15.5
20110316,6.9,10.5,17.5
20110317,0.5,10,12
20110318,1.1,7.5,13
20110319,1.5,8.5,14
20110320,0,4,13
20110321,0,3,14
20110322,0,2,17
20110323,0,3.5,19
20110324,0,3.5,23
20110325,0,5,22
20110326,0,7,21
20110327,6.2,8.5,14
20110328,2,9,14
20110329,1.7,7,18.5
20110330,0.8,10,18
20110331,6.8,10,17.5
20110401,0,10.5,20.5
20110402,0,8.5,26.5
20110403,12,12,23.5
20110404,0.2,9,19
20110405,0,9,20
20110406,0,8,23
20110407,0,12,28.5
20110408,0,15.5,24
20110409,0,13.5,26
20110410,0,13,26
20110411,0,12,24
20110412,0,13,17
20110413,0,6,16
20110414,0,8,17
20110415,0,7,18
20110416,0,4,18
20110417,0,6,21.5
20110418,0,10,23.5
20110419,0,10.5,24.5
20110420,0,11,24.5
20110421,0,12,23.5
20110422,0,9.5,24.5
20110423,1.5,11.5,24.5
20110424,0,11.5,24.5
20110425,0,11.5,24.5
20110426,0,13.5,23
20110427,0,13,21.5
20110428,0,11.5,17
20110429,0.8,11,20
20110430,0,9,24
20110501,0,10,26
20110502,0,11.5,27.5
20110503,0,14,20
20110504,0,10,20.5
20110505,0,8,25
20110506,0,14,24
20110507,0,14,26
20110508,0,15,29
20110509,0,17,30
20110510,0,18,28
20110511,14,17,28.5
20110512,1,16,24.5
20110513,0,13,25
20110514,5.5,12,21
20110515,2.4,9,17
20110516,0,10,20.5
20110517,0,9.5,26
20110518,0,12,28
20110519,0,16.5,27.5
20110520,0,17,28
20110521,0,15,29.5
20110522,2,18,29.5
20110523,0,15,28.5
20110524,0,15,27.5
20110525,0,14,29
20110526,0.2,16,30
20110527,0.1,15,21
20110528,0,9,22
20110529,0,9,28
20110530,0,16,30.5
20110531,11.7,13.5,17
20110601,4.3,9.5,14
20110602,0,12,18.5
20110603,0.1,12,23
20110604,4.8,17,28
20110605,1.3,15,24
20110606,0,16,26
20110607,14,17,22.5
20110608,3.6,12.5,18
20110609,0,11.5,21.5
20110610,0.2,11,21
20110611,0,14,21
20110612,0,12,24.5
20110613,0.6,13,27
20110614,0,16,28.5
20110615,0,16,29.5
20110616,0.9,16.5,28.5
20110617,5.4,16,24
20110618,0,16,24
20110619,0,11,23
20110620,0,15,29
20110621,8,18,30.5
20110622,44,17.5,28.5
20110623,0,16,24.5
20110624,0,13,23.5
20110625,0,15,28
20110626,0,16,32.5
20110627,0,22,35.5
20110628,0.9,19.5,37
20110629,0,19,22
20110630,0,17,25.5
20110701,0,14.5,24
20110702,0,15,25
20110703,0,15,27.5
20110704,0,14.5,28
20110705,0,15,32.5
20110706,0,17.5,28
20110707,19,19,22
20110708,0,14,27
20110709,0,15,30
20110710,3.5,15.5,25.5
20110711,0,16,32
20110712,11,18,35.5
20110713,30,19,20
20110714,0,12,23
20110715,0,12,26
20110716,4,15,29
20110717,17,16,20
20110718,5.5,14,24
20110719,0.4,14,21.5
20110720,3,14,19.5
20110721,3.5,14.5,22.5
20110722,1.1,15.5,24
20110723,4.8,15,21
20110724,0,12,20.5
20110725,2.9,14,20.5
20110726,2,15,25
20110727,0,16.5,24.5
20110728,0,17.5,22
20110729,0,13.5,26
20110730,0,17,26
20110731,0,12,28
20110801,0,13.5,28
20110802,0,15,32
20110803,0.2,21,29
20110804,0,18,30
20110805,2,18.5,28
20110806,14.8,18,28
20110807,0,15,24.5
20110808,0,15.5,24.5
20110809,0,15.5,22
20110810,0,14,24
20110811,0,12,30.5
20110812,0,16,30.5
20110813,0,16,31
20110814,6.7,18,30
20110815,0,18.5,27.5
20110816,0,16,29.5
20110817,0,16.5,34
20110818,0,19,35
20110819,1,20,36
20110820,0,21,37
20110821,0,21,38
20110822,0,18,39
20110823,0,23,37
20110824,1.3,22,30.5
20110825,0.3,19,30.5
20110826,33.1,13,27.5
20110827,0.2,11.5,21
20110828,0,11.5,23
20110829,0,13,24.5
20110830,0,12.5,24.5
20110831,8.7,13.5,30.5
20110901,2.1,17,30.5
20110902,0,18,31
20110903,0,18,24
20110904,39,21,24
20110905,0,15,26
20110906,0,12,24
20110907,0,13.5,27
20110908,0,14.5,28
20110909,0,20,31.5
20110910,0,19,28
20110911,1.2,20.5,28
20110912,0,15,23.5
20110913,0,18,25.5
20110914,0,13,25
20110915,0,10.5,24
20110916,0.5,15,28
20110917,10.5,18,23.5
20110918,15,13,19
20110919,4.3,11.5,16
20110920,0,12,21
20110921,0,8.5,21
20110922,0,10.5,22
20110923,0.2,14,21
20110924,0,13,25
20110925,0,14,27.5
20110926,0,13,26.5
20110927,0,15,28
20110928,0,13.5,27.5
20110929,0,12.5,28.5
20110930,0,13,24.5
20111001,0,13,27
20111002,0,13,25.5
20111003,0,12.5,25.5
20111004,0,12,27.5
20111005,0,15.5,23
20111006,3.9,11,23
20111007,1.7,9.5,15
20111008,21,12,13
20111009,4.2,10,13.5
20111010,0,12,23
20111011,0,14,17
20111012,0,13,19
20111013,0,14,19
20111014,0,11.5,18
20111015,0,6.5,19
20111016,0,5.5,19
20111017,0,6,19.5
20111018,0.7,5.5,19.5
20111019,10.8,7.5,16.5
20111020,0,4,12
20111021,0,3.5,8.5
20111022,0,4,15.5
20111023,0,3.5,17
20111024,6.2,12,19
20111025,12,12.5,15
20111026,0,6,16
20111027,4.4,7,19
20111028,0,9.5,17
20111029,0,11.5,17.5
20111030,0,14,18
20111031,0.1,13,19
20111101,10,8,19
20111102,0.5,10,20
20111103,3,16,21
20111104,18,14.5,16
20111105,1.4,13,17
20111106,0.9,10.5,14.5
20111107,0,11.5,14.5
20111108,1.2,9.5,13.5
20111109,0,8.5,14
20111110,0.1,7,12
20111111,0.1,7,15
20111112,0.2,6,16
20111113,0,5,14
20111114,0,4,14
20111115,0,3.5,11
20111116,0,2.5,9
20111117,0.4,3,10
20111118,0,1,11
20111119,0.8,5,12
20111120,0,6.5,14.5
20111121,0,2,14.5
20111122,0,3.5,13
20111123,0,1.5,10
20111124,0,2,8
20111125,0.6,5,6
20111126,0,5,8
20111127,0,6,8
20111128,0,5,9
20111129,0.3,1.5,15
20111130,0,6,14
20111201,0,4,16.5
20111202,6.2,10,16.5
20111203,2.4,7,11
20111204,2.4,10,13
20111205,1,4,10.5
20111206,3.2,5,9.5
20111207,6,5.5,10
20111208,0.2,5,11.5
20111209,0,4.5,10.5
20111210,0,6,13
20111211,7.6,7,10.5
20111212,1,7.5,10
20111213,0,1,10
20111214,3.5,10,13.5
20111215,1.8,6,12
20111216,6.1,8,12.5
20111217,2.1,4.5,7
20111218,1,3.5,6
20111219,4.4,-0.5,4.5
20111220,13,0,4
20111221,12.5,3,6
20111222,0,4,11
20111223,1.1,7,11
20111224,0,6.5,8
20111225,0,0,8
20111226,0,1,4
20111227,0,2.5,4.5
20111228,0.6,2,5
20111229,0.3,1.5,7
20111230,24.4,2.5,8.5
20111231,3.4,3.5,11.5
20120101,0,4.5,16
20120102,3.4,8,13.5
20120103,3.3,1,10
20120104,0.6,7,10
20120105,11.6,3,12
20120106,0.1,6,8
20120107,1,1,6
20120108,0.4,2,9
20120109,0,4,9
20120110,0.1,4,10
20120111,0,4.5,8
20120112,0,5,7
20120113,0,4,7
20120114,0.1,1.5,2.5
20120115,0,-3.5,0.5
20120116,0,-2,2
20120117,0,-2.5,2.5
20120118,0,-2.5,2
20120119,1.7,-2,7.5
20120120,9,6,9
20120121,1.5,4.6,10.9
20120122,0.2,6.1,11
20120123,0.1,6,9
20120124,4.2,6,9
20120125,0.3,5.5,9.5
20120126,0.3,6,13
20120127,0.4,5,8
20120128,0.2,0.5,8.5
20120129,0,2.5,3.5
20120130,0.4,1,3.5
20120131,0,0,2
20120201,0,-3.5,1
20120202,0,-4.5,-3.5
20120203,0,-7.5,-2
20120204,0,-8,-6
20120205,0,-11,-4
20120206,0,-8,-1.5
20120207,0,-9,-4
20120208,0,-9,-3
20120209,0,-8,0.5
20120210,0,-6,-0.5
20120211,0,-9,-3
20120212,0,-8,-1
20120213,2.6,-9,1.5
20120214,0.1,-2,5
20120215,1.4,1.5,6.5
20120216,0.3,4,8.5
20120217,0,3.5,9
20120218,0,4,8.5
20120219,1.3,1,6
20120220,0,0,6
20120221,0,-2.5,6
20120222,0,-3,8
20120223,0.2,-1.5,9.5
20120224,0.5,6,10.5
20120225,0,7,11.5
20120226,0,9,10
20120227,0,2.5,12
20120228,0,0.5,14
20120229,0,2,14.5
20120301,0,2,18
20120302,0,2,22
20120303,0,2.5,18.5
20120304,3.2,7.5,14.5
20120305,3,4,9
20120306,0,3,8.5
20120307,7.5,3.5,10.5
20120308,0,5,9.5
20120309,0,3,12
20120310,0,-1,11
20120311,0,7,15.5
20120312,0,5,17.5
20120313,0,8,18.5
20120314,0,7,19
20120315,0,4.5,22.5
20120316,0,9,21.5
20120317,2,9,21
20120318,10,7,13
20120319,2.4,4,12.5
20120320,0.2,7,14
20120321,0,7,16.5
20120322,0,8,21
20120323,0,8,21
20120324,0,8.5,22
20120325,0,8.5,21.5
20120326,0,8.5,22.5
20120327,0,6.5,22
20120328,0,7.5,23
20120329,0,8.5,23
20120330,0,11,18
20120331,0,9,19
20120401,0,8,15
20120402,0,5,22.5
20120403,13,12,21.5
20120404,1.5,10,14
20120405,0,8,18.5
20120406,1.8,8,18
20120407,1.7,8,16
20120408,0,3,12
20120409,0,4,18
20120410,18,8,15
20120411,2.6,7,15
20120412,4.4,8.5,12.5
20120413,0,8,16.5
20120414,8.4,8.5,11.5
20120415,28.5,6,7.5
20120416,0.1,5.5,6.5
20120417,1.4,3,15.5
20120418,0.1,7,16.5
20120419,5,8.5,16
20120420,1.5,5,15
20120421,2.2,7.5,17
20120422,1.6,8,14.5
20120423,0.9,5.5,16
20120424,2.5,9.5,14
20120425,0,6,17.5
20120426,0,14,22
20120427,0,9,22
20120428,8.4,13,27.5
20120429,0,12,22
20120430,13,12.5,17.5
20120501,0,8,20
20120502,8.5,12,20
20120503,0,9,24.5
20120504,6.2,12.5,24
20120505,6.4,11,19.5
20120506,0.1,9.5,20
20120507,0,8,20
20120508,3,9,18
20120509,0,13,26.5
20120510,0,17,30.5
20120511,0,16,32
20120512,5.4,14.5,17.5
20120513,0,9.5,19
20120514,0,8,21.5
20120515,0.4,10,19
20120516,0,5.5,16
20120517,2.3,5,21
20120518,0.7,13,22
20120519,2.8,12,26
20120520,20,13.5,24
20120521,11,13,17
20120522,1,12,15
20120523,0.1,14,19.5
20120524,0,17,25
20120525,0,16,27
20120526,23,16,31
20120527,0,17,27
20120528,0,15,27
20120529,0,15,27.5
20120530,0,15,29.5
20120531,0,17,29
20120601,0,17,27
20120602,2.5,16,31.5
20120603,30.7,15.5,22
20120604,0.3,15,21.5
20120605,0.4,14.5,22.5
20120606,3,15.5,24
20120607,26,17,28
20120608,2,15,22
20120609,1,14,21
20120610,15.7,12,18
20120611,18.5,15,21
20120612,4,14,19
20120613,1.2,13.5,20
20120614,0,11.5,26
20120615,0,16.5,29
20120616,4.2,16,31.5
20120617,0,16.5,27.5
20120618,0,17.5,31
20120619,7.4,19,25.5
20120620,0.8,18,27.5
20120621,1.1,17.5,31
20120622,0,14,24
20120623,0,15,25
20120624,0,15,29
20120625,1.4,19,25
20120626,0,18.5,27.5
20120627,0,18.5,30.5
20120628,0,19,34
20120629,0,21,36
20120630,0.4,21,35
20120701,78.4,14,19
20120702,1.8,14,18
20120703,0,14,28
20120704,3,13,28
20120705,3.4,17,26
20120706,0,15,29
20120707,15.3,16,28
20120708,0,17,31
20120709,0,15,28
20120710,0,16,28
20120711,0,18.5,25
20120712,0,14.5,24.5
20120713,1.5,17,28
20120714,0.2,19,24
20120715,3,14,23
20120716,0,11,25
20120717,0,13.5,27.5
20120718,0,15,34
20120719,0,19,29
20120720,0.2,18.5,24.5
20120721,0,16,24.5
20120722,0,15,24.5
20120723,0,14,27
20120724,0,14.5,31
20120725,0,15,33.5
20120726,0,18,35
20120727,0,20.5,35
20120728,0.9,22.5,28
20120729,0,19,26
20120730,0,14,29
20120731,0,16,30
20120801,9,16.5,35.5
20120802,0,19,28.5
20120803,0,17.5,28
20120804,17.5,19,28
20120805,12.5,19,28.5
20120806,0.7,16,24.5
20120807,0,15,26
20120808,0,13.4,27.5
20120809,0,14.5,28
20120810,0,18,28
20120811,0,15,31
20120812,0,15,28
20120813,0,16,28.5
20120814,0,16.5,30
20120815,5.3,21,34
20120816,0,18,27
20120817,0,16.5,32.5
20120818,0,16,37.5
20120819,0,18.5,39
20120820,0,21.5,33.5
20120821,5.4,21,37.5
20120822,0.3,21.5,29.5
20120823,9.6,19.5,33.5
20120824,5.9,22,30.5
20120825,0.5,20,27
20120826,0.1,14.5,23.5
20120827,0,12,27.5
20120828,0,16.5,28
20120829,5.8,18,29
20120830,2,18,22.5
20120831,5.6,14.5,17
20120901,0.8,10,15
20120902,0,14,21
20120903,0,16,24
20120904,0,18,24.5
20120905,0,17.5,26
20120906,0,17,26
20120907,0,14,28
20120908,0,14,28
20120909,0,16,30
20120910,0,16,30
20120911,27,20,27.5
20120912,4.1,14,18
20120913,0.2,12.5,18.5
20120914,0,12.5,21
20120915,0,12.5,21.5
20120916,0,8.5,27
20120917,0,12.5,27
20120918,8,13.5,21.5
20120919,0,14,19
20120920,0,9,20
20120921,2.2,9,24
20120922,0,14,24.5
20120923,18.2,15,24
20120924,0,16,22.5
20120925,0.1,14.5,23.5
20120926,43,13,20
20120927,0.4,9.5,21
20120928,2.4,9,20.5
20120929,0.2,12,16.5
20120930,5.5,12,13
20121001,0.1,11,21
20121002,0,10,24
20121003,0,11.5,22
20121004,0,14,24
20121005,0,10,25
20121006,3.3,13.5,24.5
20121007,1.5,17,21
20121008,4.9,13,19
20121009,5.2,15,22
20121010,2.1,15.5,21
20121011,4.3,14,20
20121012,0,14,17
20121013,0,5.5,14
20121014,0.4,6.5,12.5
20121015,0,6,17
20121016,0.8,2.5,17
20121017,0,12.5,21
20121018,0,18.5,21.5
20121019,0,18,24.5
20121020,0,15.5,22
20121021,0.5,14.5,22
20121022,0.1,14,19.5
20121023,0,12.5,18
20121024,0,13,18
20121025,0.2,13.5,19
20121026,28,12.5,15.5
20121027,8,6,8
20121028,0.5,3,8.5
20121029,0,1,11.5
20121030,0,-1.5,13
20121031,0,0.5,8
20121101,0.4,3,15
20121102,0,6.5,17
20121103,0,12,17
20121104,23,9,17
20121105,0.9,8,15
20121106,2.6,7,10.5
20121107,0.2,2.5,11.5
20121108,0.1,1.5,14.5
20121109,18.5,5,14
20121110,1.5,10.5,15
20121111,0.2,6,13
20121112,0.2,7,10
20121113,0.1,6,7
20121114,0.1,5,11
20121115,0.1,4.5,11
20121116,0.2,5,9.5
20121117,0,4.5,15
20121118,0.1,4.5,14
20121119,0,2.5,11.5
20121120,0,5.5,7
20121121,1.5,4,11.5
20121122,0,5,12
20121123,0,7,12
20121124,0,8.5,15.5
20121125,0.8,14.5,17
20121126,52,9,17
20121127,0.5,7,9
20121128,23,6.5,7.5
20121129,0.2,4,6
20121130,0,3,5
20121201,0,-1,4
20121202,1.7,-2,2
20121203,3.3,0,8
20121204,1.5,4,8.5
20121205,3.1,3.5,7
20121206,0,1,5
20121207,5,-2,3
20121208,0,0,3
20121209,0.2,0,4
20121210,0.3,3,7.5
20121211,0,0,3
20121212,0,-2.5,1
20121213,3.1,-2,7
20121214,7.7,4,12
20121215,0,8,14
20121216,7.9,9,11.5
20121217,2,6.5,11.5
20121218,1.2,6.5,10.5
20121219,0.3,1,6.5
20121220,4.5,1.5,11
20121221,0,5,8.5
20121222,11,5.5,9
20121223,0.2,5,12
20121224,0.1,5.5,14
20121225,0.3,13,15
20121226,0.1,6.5,12.5
20121227,1.6,9,12.5
20121228,0.4,8,11.5
20121229,0,2,15
20121230,0.2,3,13
20121231,0.4,1.5,11
20130101,6.5,9,10
20130102,0.9,4,8
20130103,0.4,1.5,5.5
20130104,0,5,8.5
20130105,0,7,8
20130106,0,7,8
20130107,0,4,6.5
20130108,0,4,5.5
20130109,0.4,1,3
20130110,7.4,2,4.5
20130111,0.3,4,8
20130112,2.4,1,4.5
20130113,0,3,6.5
20130114,4,1,3
20130115,2,-2,3
20130116,0,-4,1.5
20130117,0,-3,-1
20130118,0.4,-2,2.5
20130119,2.4,-2,4
20130120,3.2,1.5,8
20130121,0.7,-1,7
20130122,0,1.5,9.5
20130123,0,1,6
20130124,0,1,2
20130125,0,-1,0.5
20130126,0,-3.5,3
20130127,18.5,0,5.5
20130128,0.5,4,8.5
20130129,0.7,2,11.5
20130130,0.7,3.5,17
20130131,0.8,3,13.5
20130201,3.3,7,12
20130202,0.2,5.5,7.5
20130203,1.4,3,5.5
20130204,4.1,1,7.5
20130205,8.3,5,12.5
20130206,3,3,7
20130207,1.8,1,4
20130208,4,-1.5,3
20130209,1,-4,4
20130210,4.8,-3,2
20130211,8.8,-1.5,5.5
20130212,5.2,2,5.5
20130213,0,0,1
20130214,4,-2,4
20130215,0.3,0.5,9
20130216,0,2,8
20130217,0,0.5,1.5
20130218,0,0.5,5
20130219,0,-1,8
20130220,0,-1,7
20130221,0,-1,3.5
20130222,0,-3,1
20130223,0,-2,0.5
20130224,1.4,-2.5,0.5
20130225,1,-2.5,2.5
20130226,0,-4,4.5
20130227,0,1.5,4
20130228,0,-2,8
20130301,0,-0.5,4.5
20130302,0,3,4.5
20130303,0,3.5,7
20130304,0.2,-1,16.5
20130305,0.1,4,13
20130306,2.5,8,11
20130307,1.7,8,18
20130308,3,11,15
20130309,0,6,14
20130310,1.8,5,15.5
20130311,0.3,8,14.5
20130312,0.1,9.5,15
20130313,0,2.5,4
20130314,0,-0.5,4
20130315,0,0,5
20130316,0.3,-3,10.5
20130317,11.9,3.5,10
20130318,1.4,4,11
20130319,1.5,6,13
20130320,0.4,7,15
20130321,0,2,14
20130322,0.1,3,18
20130323,5.2,11,16
20130324,0.2,10,11
20130325,0,6,12.5
20130326,0,3.5,8
20130327,3,4,13
20130328,14.5,4,9
20130329,8.5,5,10.5
20130330,7.4,8,11.5
20130331,0.1,4.5,8.5
20130401,0.6,0,11
20130402,0,5,12
20130403,0,5,13
20130404,0.1,6,15
20130405,1.7,5,9
20130406,0,6,11.5
20130407,0,5,11.5
20130408,4.4,7,11
20130409,1,6,17
20130410,1,7,18
20130411,9.2,7,18
20130412,0.8,9,18
20130413,0,8,21.5
20130414,0,8.5,25
20130415,0,10,26
20130416,0,12,25.5
20130417,0,11,28
20130418,4.1,14,24
20130419,6,11,12.5
20130420,2.5,7,11
20130421,0,9,11
20130422,0,9,16.5
20130423,0,8,21
20130424,0,7,25
20130425,1.9,10,27
20130426,20,15,18
20130427,20.2,6,7
20130428,5.4,4,8
20130429,8.2,6,11
20130430,12,8,17.5
20130501,5.7,12,17
20130502,36,10,21
20130503,5.2,11,16
20130504,0,11,18
20130505,0,11,22
20130506,0,14,22.5
20130507,0,12,23
20130508,2.5,11,25
20130509,25,15,22.5
20130510,0,10,18
20130511,0.2,12.5,19
20130512,0,9,16
20130513,0,8,19
20130514,0.7,11.5,25.5
20130515,40,15,16.5
20130516,7,7.5,11.5
20130517,0.9,10,16
20130518,12,8,15
20130519,7.5,9,14.5
20130520,8.5,10,16.5
20130521,3.8,11,14
20130522,0.1,12,12.5
20130523,2.6,8,15
20130524,3.6,6,12
20130525,1.1,7,15
20130526,0,6,15
20130527,0,6,21
20130528,12.4,13,17.5
20130529,0.7,10,15
20130530,5.8,9,15
20130531,4.5,13,17.5
20130601,0.2,13,16
20130602,0,12,18
20130603,0,11,20.5
20130604,0,9,22
20130605,0,12,28
20130606,0,14.5,28.5
20130607,0,15.5,30
20130608,3.8,15,25
20130609,0.1,15,24
20130610,1.8,12,21.5
20130611,0,15,25.5
20130612,0,18,27.5
20130613,18,16,32
20130614,0,14,22
20130615,0,15.5,31.5
20130616,0,19,32
20130617,0,22,33.5
20130618,0,21.5,35
20130619,4,22,29
20130620,0,18.5,27
20130621,0,16,24
20130622,0,16,27
20130623,0,18,23
20130624,0,14,20
20130625,0,12,21.5
20130626,0,12.5,22.5
20130627,1,13.5,20
20130628,3.1,12.5,17.5
20130629,0,15.5,17
20130630,0,15,24.5
20130701,0,13,27
20130702,10,16,28
20130703,0.3,16,27
20130704,0,18,24
20130705,0,15,29
20130706,0,17,30.5
20130707,0,18,31.5
20130708,0,21.5,32.5
20130709,0,22,30.5
20130710,0,20,30
20130711,0,21,32.5
20130712,0,19,29
20130713,0,19,27
20130714,0,20,28
20130715,0,18,31
20130716,0,19,32
20130717,6.2,20,28.5
20130718,14,19.5,25
20130719,0,19,31
20130720,0,17,34
20130721,0,19,34
20130722,0,21,35.5
20130723,0.4,21.5,34
20130724,0,19,32
20130725,0,21.5,34
20130726,0,22.5,35.5
20130727,0,26,37
20130728,39.6,24,26
20130729,1.1,20,24.5
20130730,0,18.5,27.5
20130731,0,18.5,31.5
20130801,0,18.5,35.5
20130802,0,21,31.5
20130803,0,22,30.5
20130804,0,22,30.5
20130805,0,20.5,34
20130806,3,21,31.5
20130807,25,19.5,21.5
20130808,9.3,18,21
20130809,0.1,14,24
20130810,0,14,27
20130811,0,14.5,27
20130812,0,16,31
20130813,0,18,25
20130814,0,14,26
20130815,0,14,28
20130816,0,14,32
20130817,0,18,31
20130818,0,18,31
20130819,0,21,27.5
20130820,0,17,26
20130821,0,15.5,28
20130822,0,15,31
20130823,0,16,34
20130824,12,20,24.5
20130825,0,15,22
20130826,0,13,25
20130827,6.1,14,20.5
20130828,0,14.5,24
20130829,0,14,25.5
20130830,0,13,27
20130831,0,15,27
20130901,0,18.5,26
20130902,0,14,25.5
20130903,0,11.5,28.5
20130904,0,13,33.5
20130905,0,15,33
20130906,0,19.5,32.5
20130907,17,19,24
20130908,5,17,21
20130909,0.1,11,22.5
20130910,0,13.5,22.5
20130911,0,12,18
20130912,0,13,20
20130913,0,12,21.5
20130914,0.1,12,21.5
20130915,0.1,16,18
20130916,1,13,19
20130917,0.3,11,18.5
20130918,1,14,21
20130919,0,13,18
20130920,0.1,11.5,22
20130921,0.1,12,22
20130922,0,11,23.5
20130923,0,12,24.5
20130924,0,10,27
20130925,0.1,15,27
20130926,0.1,18,27
20130927,0.1,15,29
20130928,8.3,18,24
20130929,38,15,18
20130930,0,16,21.5
20131001,0.2,15,21.5
20131002,0,15,24.5
20131003,0.2,18.5,25
20131004,9.8,19,21
20131005,7.6,16,20
20131006,0,12,18
20131007,0,12,16.5
20131008,0,15,17.5
20131009,0,14.5,17
20131010,4.3,10,14
20131011,0.5,8,11.5
20131012,6.5,4,9
20131013,2.6,5,16
20131014,1.8,12,18.5
20131015,6.3,12.5,17
20131016,1.9,13.5,18
20131017,0.1,14.5,18
20131018,0,7.5,18
20131019,0.2,11.5,22.5
20131020,2.1,15,19
20131021,0,13,23
20131022,0,20,25.5
20131023,6.5,17.5,21
20131024,0,14.5,21.5
20131025,0,15,23
20131026,15.9,18,24
20131027,0,16,21.5
20131028,8.8,16,24
20131029,0,10,16
20131030,0,7.5,13.5
20131031,0,4,12
20131101,1.5,7.5,16
20131102,13.2,14,18.5
20131103,4.5,11.5,13.5
20131104,1.2,10,13
20131105,8.7,6.5,11.5
20131106,0.2,10,17.5
20131107,0,13,19
20131108,5.7,9,17.5
20131109,11.5,8,14
20131110,1.1,9,13.5
20131111,0,5,9
20131112,0.1,3,8
20131113,0,5,11
20131114,14.8,7.5,10
20131115,0,5,9
20131116,0,2,5
20131117,0,2,8
20131118,0.1,3,7
20131119,27,3,7
20131120,10.2,1.5,4
20131121,7.2,1,6
20131122,4.3,1,5
20131123,0,4,7
20131124,0,5,8
20131125,0,3,6
20131126,0,2.5,5
20131127,0,-1,3
20131128,0,-4,2
20131129,3.9,-1,4
20131130,0,1,6.5
20131201,0,2,6.5
20131202,0,-2,5.5
20131203,0,-3.5,5.5
20131204,0,-3,8
20131205,1.2,1,3
20131206,0,3,7
20131207,0,0.5,7.5
20131208,0,-3,5
20131209,0,-3.5,2.5
20131210,0,-3,2
20131211,0,-2,5
20131212,0,-2,4
20131213,1.5,-1,2.5
20131214,0,-1,8
20131215,0,0.5,7
20131216,0,-2,14
20131217,0,7.5,15
20131218,0.5,6,13.5
20131219,30,8,11.5
20131220,0,7,9
20131221,0,5,14
20131222,0.3,7,14
20131223,0,6.5,14
20131224,3.8,10,15
20131225,43.5,9,12
20131226,0.5,6.5,7
20131227,0.1,1,10
20131228,9,5,12
20131229,0.8,3,9
20131230,0,1.5,5.5
20131231,0.3,-1,10
20140101,1.2,8.5,12
20140102,5.6,11.5,12
20140103,8.8,8,12
20140104,19,10,11.5
20140105,0.3,3.5,9
20140106,0,4,15
20140107,0,12,15
20140108,0,11,16
20140109,0,12.5,14
20140110,0,8,12
20140111,0,5,12
20140112,0.2,5,9
20140113,15,2,8
20140114,2.2,5,9
20140115,0,0.5,9
20140116,7.2,5,12.5
20140117,0.1,7,11.5
20140118,3.4,5,13.5
20140119,8.4,7,9
20140120,0.3,5.5,8
20140121,0,6,7
20140122,0.1,3,6
20140123,6.3,4,11
20140124,3.7,4,5
20140125,0.7,-2,6
20140126,2.3,1.5,9
20140127,0.3,4.5,10.5
20140128,0,2,9
20140129,0.9,5,8
20140130,0.4,3,8
20140131,0,3,8.5
20140201,20,1.5,8.5
20140202,0,4,8.5
20140203,1.7,-1,9.5
20140204,0.3,5,11
20140205,2.4,8,11
20140206,3.2,2,14.5
20140207,21.9,10,12
20140208,2.9,4,12
20140209,0.1,4,11
20140210,18.9,8,9.5
20140211,0.2,3,10.5
20140212,0.3,6,11
20140213,4,8,15
20140214,0,3,13
20140215,9.7,9,14
20140216,0.1,7,10
20140217,0,1.5,12
20140218,0.2,3,12.5
20140219,0.2,8,13
20140220,4.7,4,15
20140221,0.3,8,11.5
20140222,0.1,1.5,12.5
20140223,0,5,14.5
20140224,0,6,15.5
20140225,6.5,9,13
20140226,2.4,5.5,9
20140227,3.6,3.5,9
20140228,4.2,6,8
20140301,0.5,2,9
20140302,1.5,4,11
20140303,0.6,5.5,11.5
20140304,0,6,10
20140305,0,5,13
20140306,0,6,14.5
20140307,0,1.5,15
20140308,0,4,15
20140309,0,3,16
20140310,0,3,18
20140311,0,5,15
20140312,0,3.5,18.5
20140313,0.2,5.5,19
20140314,0,4,18
20140315,0,4,18
20140316,0,8.5,19
20140317,0,9.5,21.5
20140318,0,6.5,24.5
20140319,0,10,17
20140320,0,5,23
20140321,5.8,14,19
20140322,14.2,11,12
20140323,6.9,4,8.5
20140324,0,4.5,11.5
20140325,0.3,4,10
20140326,0,6.5,12.5
20140327,0,3.5,14.5
20140328,0,1.5,19
20140329,0,7,19
20140330,0,11,20
20140331,0,8.5,21.5
20140401,0,8.5,21
20140402,0,13,22
20140403,0.1,13,15.5
20140404,0,13,21
20140405,0,12,17
20140406,0,8,22
20140407,16,8.5,26.5
20140408,0.8,13.5,18.5
20140409,0,8.5,18
20140410,0,6,23
20140411,0,8,25.5
20140412,0,12,24
20140413,0,13,21
20140414,0,8,21
20140415,0,7,16.5
20140416,0,5.5,18
20140417,0,3.5,22
20140418,0,8,18
20140419,0,5,14
20140420,5,3,15.5
20140421,4.9,9,17
20140422,1.7,10,22.5
20140423,0.6,11.5,24
20140424,0,13,24
20140425,0,15,18
20140426,10.8,9,23
20140427,9,9,18
20140428,0.1,9,17.5
20140429,8,8.5,19.5
20140430,0,10.5,16
20140501,10.2,8.5,18
20140502,5,10,16.5
20140503,0,11,14
20140504,0,6.5,17.5
20140505,0,5,26.5
20140506,8,13,21.5
20140507,1,12.5,18
20140508,0,10,23
20140509,0,14,24
20140510,1.2,11,23
20140511,0.2,13,18.5
20140512,0.2,8.5,18.5
20140513,2.5,8.5,16.5
20140514,1.6,10,18
20140515,0,9.5,18.5
20140516,0,8,19
20140517,0,8,23
20140518,0,9,27
20140519,0,12,25
20140520,0.1,18,24
20140521,0,15,29
20140522,7.7,16,24.5
20140523,1.5,11.5,25
20140524,0,9,19
20140525,1.1,11,24
20140526,9.9,15.5,23
20140527,1.7,12,15.5
20140528,0,9,22
20140529,0,10,23
20140530,0,16,21.5
20140531,0,15,24
20140601,0,14,24
20140602,0,13.5,23
20140603,0.2,13,25
20140604,5.2,15,22
20140605,0,12.5,24
20140606,0,11.5,28.5
20140607,0,15.5,31.5
20140608,0,18,34.5
20140609,0,17.5,36.5
20140610,2.6,22.5,36.5
20140611,0,18.5,31.5
20140612,0,21,33
20140613,0,22,31
20140614,0,21,27
20140615,0,15,26
20140616,0,17,26
20140617,8,16,25.5
20140618,1.6,15,25
20140619,0,14,28
20140620,0,18,28
20140621,0,16,30
20140622,4.5,16,32.5
20140623,0.1,18,31
20140624,0,18,27
20140625,0,18,28.5
20140626,0,18.5,28
20140627,0,18,28
20140628,6.1,19,30.5
20140629,0,17,24.5
20140630,0,14.5,25
20140701,13,12,28
20140702,1.2,17,27
20140703,0,15,31.5
20140704,0,19.5,31
20140705,0,18.5,30.5
20140706,18,18.5,32.5
20140707,14.5,18,19
20140708,6.5,14.5,22
20140709,10.5,13,21
20140710,0.9,12.5,16.5
20140711,1,15,18
20140712,2.2,15,21.5
20140713,14,16,24.5
20140714,0,18.5,26
20140715,0,12.5,27.5
20140716,0,15,31.5
20140717,0,18,34
20140718,0,19,36
20140719,0,21.5,34
20140720,32.7,16.5,25
20140721,6.2,17,21.5
20140722,0.3,17.5,21
20140723,0,19,28.5
20140724,0,18.5,30.5
20140725,5.5,18,30.5
20140726,17.4,18,27.5
20140727,0,15.5,28.5
20140728,14.4,18.5,23.5
20140729,9.1,15,20
20140730,2.7,17,25.5
20140731,0,17,28
20140801,17,17,30
20140802,7.5,18,25
20140803,27,18,27.5
20140804,8.6,17.5,26
20140805,0,15,26
20140806,0,14,26
20140807,0.3,18.5,27.5
20140808,17.9,18.5,31
20140809,0,18.5,31
20140810,0,18,31
20140811,2.6,16,22
20140812,5.5,15,25
20140813,1.2,17.5,21.5
20140814,3,14,22
20140815,26,13,21
20140816,0,12,23
20140817,0,12,27
20140818,0,14,28.5
20140819,0,16.5,25
20140820,0.4,15,24
20140821,0,12,24.5
20140822,0,11.5,27.5
20140823,0,15.5,21
20140824,0,14.5,22
20140825,1.1,11,25
20140826,4.1,18.5,26.5
20140827,0.1,15,25.5
20140828,0,14,29
20140829,1.4,19,25.5
20140830,0,14.5,27
20140831,0,17,24.5
20140901,0,14.5,22.5
20140902,0,13.5,24
20140903,0,12,24.5
20140904,0,13,29.5
20140905,0,15,29
20140906,0,15,29
20140907,0,17,29.5
20140908,0.5,18,31
20140909,0,19,25
20140910,0,18,27
20140911,0,13.5,23.5
20140912,0,13.5,22
20140913,0,14,24
20140914,0,13,24.5
20140915,0,13.5,27
20140916,0,16,28.5
20140917,0,18.5,29.5
20140918,4.8,19,27.5
20140919,2.5,17.5,21.5
20140920,0.1,15,26
20140921,0,15,26
20140922,0,14,19.5
20140923,0,9.5,20.5
20140924,2.5,10,17.5
20140925,0,10,18.5
20140926,0,9,21.5
20140927,0,9,23.5
20140928,1,10.5,27
20140929,1,15,21
20140930,0,17.5,24
20141001,0,15,23.5
20141002,0,12.5,23
20141003,0,11,23.5
20141004,0,10,26
20141005,21,12,23
20141006,2.2,8,21.5
20141007,0.7,18,22.5
20141008,0.1,18.5,25
20141009,50,16,25.5
20141010,77.6,15,17
20141011,0,15.5,21.5
20141012,25.2,12.5,21.5
20141013,2.5,14,18
20141014,0.1,11,21.5
20141015,3.5,13,22
20141016,2.1,16.5,21
20141017,0.1,17,22
20141018,0.2,12,24.5
20141019,0.2,13,25
20141020,0.2,13,24
20141021,1.3,15.5,24
20141022,0.4,10,13.5
20141023,0.1,7,12
20141024,0,4,15
20141025,0.3,5,18
20141026,0.2,8,18
20141027,0.2,9,16.5
20141028,0.2,11.5,18.5
20141029,0.2,7.5,18
20141030,0.2,7,16.5
20141031,0.1,7.5,19
20141101,0.1,8,18.5
20141102,0.9,7,18
20141103,18.2,11.5,17
20141104,70.7,9,14
20141105,3.8,7,10
20141106,0.1,0.5,11.5
20141107,1.5,2,10
20141108,0,5.5,12
20141109,16.5,4.5,10
20141110,1.2,8,13.5
20141111,0.9,8,17
20141112,6.6,11,13
20141113,0.2,6.5,12.5
20141114,39,5,15.5
20141115,0.6,10,12
20141116,0.1,9,11.5
20141117,2.5,9,12
20141118,2.1,8.5,11.5
20141119,0.1,5.5,11
20141120,0.1,6.5,12
20141121,0.2,6,17.5
20141122,0.1,5,18
20141123,0.1,12,21.5
20141124,0.1,9,16
20141125,0.7,11,13.5
20141126,5.2,11.5,14
20141127,0.1,11.5,16.5
20141128,0.8,10.5,16
20141129,0,6,8
20141130,0.3,5,8
20141201,0.1,3,5
20141202,0.6,5,6.5
20141203,0.2,3.5,5.5
20141204,2.2,4.5,7.5
20141205,0,5,7
20141206,0,5,7
20141207,0.4,5,7
20141208,1.7,4.5,8.5
20141209,0.1,4,6.5
20141210,3.8,-0.5,5.5
20141211,0.9,4,10
20141212,0,3,12
20141213,0,12,15
20141214,0.3,8,14.5
20141215,0.1,6,13.5
20141216,0,5,10.5
20141217,24.2,5,8
20141218,4.8,6,11.5
20141219,0.8,8.5,11
20141220,0.1,8,9.5
20141221,0,2.5,9
20141222,0.2,0,5
20141223,0,-0.5,9
20141224,0,1.5,9
20141225,0.9,2,9
20141226,4.1,1.5,5.5
20141227,4.6,0,9
20141228,0,2,6
20141229,0,-5,1.5
20141230,0,-1,4
20141231,0,1,5
20150101,0,-2.5,4
20150102,0.6,-3,5
20150103,3.8,4,9
20150104,1,7,12
20150105,0.1,-2,4
20150106,0.1,-1.5,3
20150107,0.1,1,6.5
20150108,0.1,1.5,12
20150109,0,1,10
20150110,1.2,7,18
20150111,0,7.5,9.5
20150112,0,-1.5,9
20150113,0.2,-2,14.5
20150114,0.1,10.5,14.5
20150115,0,6.5,14.5
20150116,64.4,8.5,14
20150117,0.2,4.5,8
20150118,4.1,0,6
20150119,12.8,2,5.5
20150120,3.4,2,5.5
20150121,9.1,1,3.5
20150122,0.4,1.5,5.5
20150123,0.1,2,4
20150124,1.5,1.5,4.5
20150125,0.1,1.5,4.5
20150126,11.2,1.5,5.5
20150127,0,2.5,6.5
20150128,2.2,1.5,7.5
20150129,9.5,5,8.5
20150130,0.9,2.5,7
20150131,5.1,1,5.5
20150201,0.3,2,5.5
20150202,0.1,2.5,6
20150203,0.1,-1.5,3
20150204,0,-0.5,3
20150205,0,-1.5,1
20150206,0,-1,3
20150207,0,0.5,2
20150208,0,-2.5,5.5
20150209,0,1,8
20150210,0,2,4.5
20150211,0,-4,11
20150212,0,-2,13.5
20150213,3.5,1.5,13.5
20150214,2.8,8,11
20150215,10.2,6.5,8.5
20150216,0,4,7
20150217,0,3.5,7
20150218,0,3,5
20150219,0,3,11.5
20150220,6,1.5,12.5
20150221,9.6,2,4
20150222,0.2,2,5.5
20150223,1.4,1,9.5
20150224,2.6,3,9.5
20150225,0.1,3,10
20150226,10,1.5,9.5
20150227,4,5,8
20150228,2,0,9
20150301,2,5,11.5
20150302,0.7,11.5,16
20150303,2.5,3.5,14.5
20150304,3.7,5,9
20150305,0,3,9
20150306,0,3.5,10.5
20150307,0,-0.5,13.5
20150308,0,2.5,15
20150309,0,2,16.5
20150310,0,2,17
20150311,0,10,17
20150312,0,5,15
20150313,1.8,1,14
20150314,0,7,9
20150315,0,4,11
20150316,0,4,16.5
20150317,0,4.5,17
20150318,0,6,20
20150319,0.3,9.5,18.5
20150320,0,7.5,14.5
20150321,7.4,10.5,13
20150322,0.2,5.5,12
20150323,0.1,2,17.5
20150324,13.4,6,19
20150325,4,4,7.5
20150326,0.2,5.5,13
20150327,0,8,14
20150328,0,3,13.5
20150329,8.5,8,15.5
20150330,3.1,11,17.5
20150331,0,11.5,19.5
20150401,0.7,7.5,13
20150402,1.1,5,11
20150403,1.4,7,16
20150404,1.8,9,12.5
20150405,0,4.5,11.5
20150406,0,2.5,14.5
20150407,0,3.5,16.5
20150408,0,2.5,19
20150409,0,3.5,24.5
20150410,0.3,8,22
20150411,0.4,10.5,22
20150412,0,8,24
20150413,0,8,24
20150414,0,10.5,27
20150415,0,8,28.5
20150416,0.4,15,22.5
20150417,7.5,14,17
20150418,0,13,19
20150419,0.5,6,16.5
20150420,0,8.5,22
20150421,0,8,24
20150422,0,8.5,27
20150423,0,11.5,25
20150424,0.1,12,25
20150425,16.3,15,20
20150426,10.1,11,23.5
20150427,6.1,12,18.5
20150428,0,9,15
20150429,0,5.5,18.5
20150430,0.1,8,22
20150501,5.2,9.5,18.5
20150502,5.9,12.5,22
20150503,6.4,15.5,25
20150504,0.1,15,25.5
20150505,0.4,17.5,25
20150506,0,11.5,21.5
20150507,0,9,20.5
20150508,8.5,8.5,21
20150509,0,15,20
20150510,0,11.5,24.5
20150511,0,11.5,30
20150512,0,15,31
20150513,0,15,31.5
20150514,3.5,14,24.5
20150515,4.4,11,14.5
20150516,0,11.5,21.5
20150517,0,15,22
20150518,0,11,27
20150519,0,15,19
20150520,0.2,11,16
20150521,0,8,18.5
20150522,0,11.5,21.5
20150523,0,8,22
20150524,0,10,24.5
20150525,3.3,10,24
20150526,0,13,17.5
20150527,0,11.5,21.5
20150528,0,9.5,26.5
20150529,0,12,28
20150530,0,15,24
20150531,0,12,28
20150601,4.6,15,26
20150602,0,16,31
20150603,0,15.5,31.5
20150604,0,18.5,32.5
20150605,0,20.5,35
20150606,9,21.5,32.5
20150607,40,18.5,28
20150608,0,17.5,28
20150609,0,15,24.5
20150610,0.5,15,29
20150611,0,18,33
20150612,13.4,20,26
20150613,5.9,15,27
20150614,1.6,16.5,23
20150615,1.3,17.5,26
20150616,10.3,16.5,22.5
20150617,0,15,25.5
20150618,0.7,13.5,25
20150619,0,17.5,25.5
20150620,0,15,24.5
20150621,0,13,27.5
20150622,0,16.5,31.5
20150623,0.1,16,24
20150624,0,13,27.5
20150625,0,13,29.5
20150626,0,15.5,31.5
20150627,0,16,29
20150628,0,17,33
20150629,0,16,32
20150630,0,19,35
20150701,0,24,36
20150702,0,23,37
20150703,0,23,37.5
20150704,0,21,37
20150705,0,23.5,36.5
20150706,0,24,35.5
20150707,0,24.5,39
20150708,0,19,27
20150709,0,19,27
20150710,0,16.5,31
20150711,0,21,31
20150712,0,19,29.5
20150713,0,18,29
20150714,0,20.5,32
20150715,0,19.5,34
20150716,0,19,38.5
20150717,20.4,22,38
20150718,3.9,19,31.5
20150719,0,21,33.5
20150720,0,21,33.5
20150721,0,22,36
20150722,0.2,24.5,34
20150723,0,21,31.5
20150724,8,21,32
20150725,0,19,25
20150726,0,15,24
20150727,0,16,27
20150728,0.8,16.5,28
20150729,1.8,16,21.5
20150730,0,12.5,23
20150731,1.6,13,24
20150801,1.3,15,23
20150802,0,13,31
20150803,0,18,36.5
20150804,0,23,29.5
20150805,0,18,37
20150806,0,24,37
20150807,2,19,38
20150808,9.2,21,23
20150809,6.3,18,24
20150810,0,17,20
20150811,0,18,27.5
20150812,0,17,34
20150813,12.5,19,30
20150814,0.1,17,29
20150815,0,16.5,22.5
20150816,0,15,24
20150817,0,16,25
20150818,0,15,25
20150819,0,12.5,26
20150820,0,12,28
20150821,0,15,28
20150822,0,14,30
20150823,2.5,21,23
20150824,2.3,18.5,24.5
20150825,0,12,25
20150826,0,10.5,32.5
20150827,0,18,31
20150828,0,19,35
20150829,0,20,36
20150830,0,20.5,36
20150831,0.4,18,34.5
20150901,9.4,22,25
20150902,0,13,24.5
20150903,0,13,23.5
20150904,0,13,24
20150905,0,11.5,21
20150906,0,9,21.5
20150907,0,9,22
20150908,0,9,24.5
20150909,0,10,28
20150910,0,12.5,27
20150911,0,13.5,24
20150912,49,15,24
20150913,18.4,15,26
20150914,3.4,15,23
20150915,0.3,12,22
20150916,35,19,28
20150917,27.8,14,21.5
20150918,0,11.5,20.5
20150919,1,11.5,22.5
20150920,0.1,12,19
20150921,0.1,8.5,21
20150922,1.9,11,21
20150923,0.2,11,16.5
20150924,0.1,7.5,19.5
20150925,0,9,21
20150926,0,11,20
20150927,0,8.5,20
20150928,0,8,19.5
20150929,0,6,20
20150930,0,6,20
20151001,0,7,18
20151002,0.3,8,16
20151003,18.3,8,15.5
20151004,0.3,5.5,19
20151005,0.9,12,20
20151006,14.9,14,21
20151007,0.1,13,18
20151008,0,10,15
20151009,0.1,10.5,16
20151010,0,9,11
20151011,0.1,8,15.5
20151012,0,7,16
20151013,0,11,14
20151014,0,4.5,8
20151015,1.1,3.5,6.5
20151016,0,4,10
20151017,0,0,12.5
20151018,0,3.5,11.5
20151019,0,6,13.5
20151020,0,5,12.5
20151021,0,7.5,14.5
20151022,0.1,8.5,11
20151023,0,10.5,17
20151024,0.1,6,20
20151025,0.1,10.5,19
20151026,0,6,20.5
20151027,8.3,12,20.5
20151028,42.5,10,13
20151029,0.1,7,14
20151030,0.2,8.5,17
20151031,0.2,9,17
20151101,0.1,7,16
20151102,0.1,8,17
20151103,0.1,8.5,17
20151104,1,15,17
20151105,0.2,10,18
20151106,0.1,9,19
20151107,0.2,8,19.5
20151108,0.1,6,20
20151109,0.2,11,19
20151110,0.2,10,15
20151111,0.2,4,13.5
20151112,0,6,10.5
20151113,0.1,6,12
20151114,0.1,4.5,13.5
20151115,0.1,3,14.5
20151116,0.2,3.5,16
20151117,0.3,3,17
20151118,0.2,9,18
20151119,0.1,7,17.5
20151120,7.2,10,19
20151121,2.9,6,8
20151122,2.5,2,6
20151123,0,-0.5,5
20151124,3.8,-2.5,3
20151125,5.2,2.5,6.5
20151126,0,3.5,8
20151127,0.6,1,3
20151128,0,-0.5,9
20151129,0.2,1,9
20151130,0.1,6,11.5
20151201,0,7.5,13
20151202,0,0,9.5
20151203,0.3,-1,10
20151204,0,0,11
20151205,0,4,7.5
20151206,0,1.5,15.5
20151207,0.2,3.5,13
20151208,3,2,15
20151209,0.1,6,10
20151210,0.2,2,9
20151211,0.1,-0.5,10
20151212,0.2,1,11
20151213,0.2,-2,8
20151214,0.1,0,15
20151215,4.3,2,14.5
20151216,0.2,6.5,13.5
20151217,0.1,6,12.5
20151218,0,5,11.3
20151219,0,3.5,11
20151220,0.6,9,16
20151221,6.7,12,13
20151222,0.1,8,15
20151223,0.1,6,16.5
20151224,0,8,16.5
20151225,0.1,3,16.5
20151226,0.1,4,14
20151227,0,1,14
20151228,0,5,14
20151229,1,6,13
20151230,2.1,1.5,12
20151231,0.4,3.5,10
20160101,8.3,5,12.5
20160102,0.9,5,9
20160103,5.2,3.5,12
20160104,1.5,4.5,11.5
20160105,0,3.5,8
20160106,7.3,4,9.5
20160107,4.7,4,14.5
20160108,14,4,11
20160109,0.4,8.5,12
20160110,1,8.5,13
20160111,0.1,8,9
20160112,1.3,5,9.5
20160113,3.7,2,5
20160114,0.5,-0.5,5
20160115,3,-0.5,3.5
20160116,0.3,-1,4
20160117,0.2,-1,3.5
20160118,2.2,-2,6
20160119,0.4,1,6.5
20160120,0,2.5,5
20160121,0,1,10
20160122,4.9,1.5,10.5
20160123,0.2,4,9
20160124,0.2,-0.5,12
20160125,0.1,3,12.5
20160126,0,6,11.5
20160127,0,7,14
20160128,0.2,3.5,14.5
20160129,0.2,8,13.5
20160130,0.7,2.5,12.5
20160131,0.6,9,14.5
20160201,0,8,13.5
20160202,0.3,7,8.5
20160203,2.4,7,9.5
20160204,2,4,10
20160205,0.1,4,15
20160206,8.3,4.5,16
20160207,11,5,12.5
20160208,0,7.5,13.5
20160209,2.3,9.5,12
20160210,1.2,5.5,8.5
20160211,3,2,10
20160212,6.8,5,15
20160213,4.1,7,11
20160214,0.1,6.5,10
20160215,0.5,4,6
20160216,0,2.5,5
20160217,0,3.5,9.5
20160218,0.8,0.5,8.5
20160219,0,3.5,12
20160220,0,0.5,17.5
20160221,0.1,8.5,12
20160222,1.5,3,12
20160223,3.1,4,12.5
20160224,5.1,3,9
20160225,0.3,8,9
20160226,0,-1,8.5
20160227,1,1,9.5
20160228,0,3.5,6
20160229,0.3,4.5,9.5
20160301,0.6,1.5,9.5
20160302,16,6,12.5
20160303,2.5,2,8.5
20160304,23,3,10
20160305,0.7,4,12
20160306,0.1,1,8.5
20160307,2,1,8
20160308,0.1,3,7
20160309,2.9,-1,8
20160310,0,2,12
20160311,0,4,13
20160312,0,3,12
20160313,0,2,11
20160314,0,1.5,14
20160315,0,1,14.5
20160316,6,4,6
20160317,0,4.5,14.5
20160318,0,1,17
20160319,0,2,18
20160320,0,5,11
20160321,0,5,12.5
20160322,0,5.5,14.5
20160323,0,7,13
20160324,0,7.5,14
20160325,0.7,7.5,12
20160326,5,6.5,19.5
20160327,1.8,9,13.5
20160328,2.4,8,15.5
20160329,1.8,8,17
20160330,2.6,11,22
20160331,13,9,19
20160501,1.8,7,8
20160502,0,7,19.5
20160503,0.1,10.5,18
20160504,0,9,19
20160505,0,9,24
20160506,0,12,26
20160507,0,15,25.5
20160508,2.6,13,25.5
20160509,4.9,15,22
20160510,8.2,15,24.5
20160511,1,14.5,18
20160512,5.8,12,17.5
20160513,4,13,19
20160514,4.4,14,18.5
20160515,0,9,16
20160516,0,6,18
20160517,0,8.5,22
20160518,5.4,10.5,24.5
20160519,4.5,11,17
20160520,0,9,21.5
20160521,0,11,29
20160522,16,13,22
20160523,1.2,10,15
20160524,0,11,18
20160525,0.5,8,18.5
20160526,0,11,25.5
20160527,0.6,13,31.5
20160528,7.1,17,29
20160529,17,15,21
20160530,4.8,14,18
20160531,7.7,14,18
20160601,0,14,21
20160602,10.5,13.5,20.5
20160603,0,14,20
20160604,0,14,23
20160605,0,16,24
20160606,0,16,28
20160607,0,15.5,29
20160608,1.6,18,28
20160609,0,17.5,25.5
20160610,4.2,15,27
20160611,0.7,17.5,24
20160612,3.4,15,23
20160613,14,11.5,21
20160614,0.6,15,22.5
20160615,16,15.5,25.5
20160616,0,14.5,25.5
20160617,10,15,24.5
20160618,0.2,14,20
20160619,0.8,15,22
20160620,0.8,11,24.5
20160621,0,16,27
20160622,0,17.5,34
20160623,0,21,35.5
20160624,4.6,18,33
20160625,0,18,27
20160626,0,17,25
20160627,0,15,25
20160628,0,15,29
20160629,2.6,19,31.5
20160630,0,19.5,31
20160701,9.6,17.5,31
20160702,0,19,22
20160703,0,14,26
20160704,0,15,28
20160705,0,18,30
20160706,0,18,27.5
20160707,0,16,30.5
20160708,0,17,33
20160709,0,21.5,31
20160710,0,19,36.5
20160711,2.7,21,30
20160712,4.3,15,21.5
20160713,2.2,14.5,20.5
20160714,4.5,13,21
20160715,0,11,24
20160716,0,14,26
20160717,0,15,31
20160718,0,15.5,35.5
20160719,0,18,36
20160720,0,18,36
20160721,2.9,20.5,32.5
20160722,6.6,19,27.5
20160723,0,19,27
20160724,0,18,28
20160725,0,19,31
20160726,0,19,32
20160727,0,19,28
20160728,0,17,31.5
20160729,0,18,32
20160730,11.5,20,33
20160731,0,20,26
20160801,0,15,28
20160802,0,15,31
20160803,0,17,33
20160804,15,17,27
20160805,1.5,15,24.5
20160806,0,14.5,26
20160807,0,18,28.5
20160808,0,15.5,31
20160809,0,18.5,24.5
20160810,0,15,24
20160811,0,14.5,21
20160812,0,12.5,27
20160813,0,16,31
20160814,0,18,35
20160815,0,18,33
20160816,0,19,34
20160817,17,21,32
20160818,14.5,18.5,27
20160819,3.6,16,29.5
20160820,9.5,19,20
20160821,0,15,24
20160822,0,15,26
20160823,0,14.5,30.5
20160824,0,17,36
20160825,0,17,36
20160826,0,18.5,37
20160827,0,21.5,35.5
20160828,0,21.5,32
20160829,0,21,24.5
20160830,0,18,29
20160831,0,16.5,32
20160901,0,18,30
20160902,0,16.5,31
20160903,0,16,32.5
20160904,0,16.5,30.5
20160905,0.1,18,24
20160906,0,18.5,27.5
20160907,0,14,31
20160908,0,18,31.5
20160909,0,21.5,28.5
20160910,0,17,30
20160911,0,17,30
20160912,0,17.5,33.5
20160913,0,21.5,33
20160914,3.3,19,27
20160915,0.4,17,25
20160916,3.1,15,21
20160917,2.8,14,18
20160918,5,14,16
20160919,0,13.5,21
20160920,0,13.5,20.5
20160921,0,10,21
20160922,0,10,24
20160923,0,12,24
20160924,0,11.5,25
20160925,5,14.5,25
20160926,0,15,20
20160927,0,11.5,21
20160928,0,10.5,24
20160929,0,12,27
20160930,0,15,25
20161201,0,0,4
20161202,0.1,-1,6
20161203,0,1,6
20161204,0,0,9
20161205,0.2,1,5.5
20161206,0.3,0,3.5
20161207,0,-1,4
20161208,0.2,1,8.5
20161209,0.1,-0.5,6
20161210,0,-1.5,7
20161211,0,-2,6.5
20161212,0,2.5,5
20161213,0,3.5,5.5
20161214,0,1,9
20161215,0.1,1,10
20161216,0.1,2.5,12
20161217,0.1,2,3
20161218,0.5,1,2
20161219,6.6,1,3
20161220,0,1,6
20161221,0,3,7.5
20161222,0.3,3,9
20161223,0,4,11
20161224,0.1,6,10.5
20161225,0,5,11
20161226,0,7.5,8
20161227,0,4,6
20161228,0,0,2
20161229,0.1,0,3
20161230,0,1,3
20161231,0,2,2.5
20170201,0,4,16
20170202,4.6,10.5,16
20170203,1.8,7.5,11
20170204,1.9,5.5,13
20170205,0.8,4,11
20170206,0.1,7,8.5
20170207,1.9,5.5,8.5
20170208,0.4,7.5,9
20170209,0.3,5.5,8
20170210,0,4,10.5
20170211,0.9,2.5,12.5
20170212,0,5.5,16
20170213,0,4,14
20170214,0,6,15
20170215,0,4.5,17
20170216,0.1,3.5,16
20170217,0,4.5,14
20170218,0.2,5,12.5
20170219,0,0.5,15
20170220,0.5,1,14.5
20170221,0,8.5,13.5
20170222,0.1,7.5,14.5
20170223,0.4,3.5,18.5
20170224,0,8,11.5
20170225,0.1,4,10.5
20170226,0,1,14.5
20170227,2.5,4.5,15
20170228,0,7.5,11.5
20170801,0,20.8,31.6
20170802,5.5,20.1,37.6
20170803,1.2,24,37.9
20170804,0,20.3,32.7
20170805,0.3,19.4,33.5
20170806,0,18.6,27.8
20170807,4.6,16.5,31.5
20170808,6,18,23.7
20170809,0,13.7,24.8
20170810,1.5,13.2,24.5
20170811,0.8,12.8,20.9
20170812,0,12.2,26.6
20170813,0,16,27.2
20170814,0.1,16.2,33.9
20170815,1.9,17.8,33.9
20170816,0,18,31
20170817,0,20,33.4
20170818,18,18.7,35
20170819,0,16.3,25.3
20170820,0,13.4,25.3
20170821,0,14.7,28.7
20170822,0,15.1,33.1
20170823,0.1,20.3,35.2
20170824,0.8,20.8,30.7
20170825,0.7,18.6,33.8
20170826,0,21.4,35.1
20170827,0.1,23,34
20170828,0,21.2,35.4
20170829,0,19.6,36.5
20170830,22,23,32.4
20170831,4,15.7,17.6
20180331,1.8,4.6,14.7
20180401,0,6.6,15.2
20180402,0,3,16
20180403,0,13.1,20.1
20180404,12,10.1,17.1
20180405,0.6,7.4,17.3
20180406,0,3.9,23.3
20180407,0,12.8,22.9
20180408,0,10.5,21.3
20180409,3.8,12.6,19.3
20180410,0,7.6,17.1
20180412,2.6,8.5,17.7
20180413,0.9,9.2,18
20180414,1.2,10.7,16.7
20180415,0,9,21.5
20180416,0,10,20.7
20180417,0,9.7,24.6
20180418,0,10.5,28.4
20180419,0,11.5,29.3
20180420,0,11.8,29.7
20180421,0,12.6,30.4
20180422,0,12.7,30.6
20180423,0,16.7,22.9
20180424,0,12.4,26.2
20180425,0,11.7,27.8
20180426,0,11.9,19.5
20180427,0.3,6.8,27.6
20180428,0,11.4,17.5
20180429,6.1,9.2,24
20180430,2.1,9.1,18.8
20180501,0.4,8,15.4
20180502,0,9.8,18.2
20180503,0,11.6,16.2
20180504,0,13.9,21.7
20180505,0,15.5,26
20180506,0,13.8,28.3
20180507,0,15.4,29.2
20180508,0.9,16.2,27.1
20180509,0.8,16.5,24.4
20180510,0,14.6,18.1
20180511,0,9.8,25.3
20180512,5.4,14,26.1
20180513,23,7.6,9.8
20180514,5.4,7.4,12.8
20180515,0,11.6,19.8
20180516,0.2,11.2,20.5
20180517,0,9.8,21.4
20180518,0,12.1,24.5
20180519,0,11.6,24.2
20180520,0,12.6,25.1
20180521,0,12.7,26.6
20180522,50,14.6,26.5
20180523,2.9,14.8,21.6
20180524,0,13.5,28.4
20180525,0,16.1,30.3
20180526,3.5,17,31.1
20180527,2.3,18,30.7
20180528,3.6,16.8,26
20180529,0,16.5,28
20180530,18,16.5,24.6
20180531,0.2,14.1,25.1
20180601,0,14.1,26.4
20180602,0,15.6,28
20180603,4.6,17.6,27.9
20180604,21,17,27.8
20180605,15,17.2,27.8
20180606,0.1,16.5,28.5
20180607,9.5,18.6,28
20180608,0.9,17.5,27.9
20180609,0,16.7,30.5
20180610,5,19.5,31.6
20180611,8.5,18,27.5
20180612,47,17,25.6
20180613,0,15.6,21.4
20180614,0,13.8,25.5
20180615,0,16.4,25.7
20180616,0,17,28
20180617,0,18,24.1
20180618,0,14.6,25.2
20180619,0,16.2,29.4
20180620,0,18.9,33.1
20180621,0,18.6,32.1
20180622,0,13.2,23.5
20180623,0,13.5,25.2
20180624,0,15.9,26
20180625,0,15.9,27.2
20180626,0,15.9,30
20180627,0,19,30.2
20180628,0,18.6,29.4
20180629,0,17,30.4
20180630,0,17.7,35.3
20180701,0,20.8,36.8
20180702,15,22.5,34
20180703,0,19.3,30.4
20180704,4.5,18.1,33.8
20180705,4.6,17.6,27.6
20180706,0,18.1,28.2
20180707,0,18,30.6
20180708,0,20.3,30.2
20180709,0,20.2,30.8
20180710,0,20.4,29.1
20180711,0,15.7,25.6
20180712,0,15.5,29.6
20180713,0,16.5,33
20180714,14.7,18.8,33.6
20180715,3.6,18,32.1
20180716,0,16.3,31.4
20180717,0,19,31.1
20180718,0,17.7,32.3
20180719,0,17.6,33.6
20180720,9,19.2,31.3
20180721,0,17.8,27.4
20180722,0,16.6,29.2
20180723,0,19.2,31.5
20180724,0,18,33.7
20180725,0,19,34.9
20180726,0,20.5,36.1
20180727,0,20.5,37.5
20180728,20,20.2,27.1
20180729,0,18.9,33.7
20180730,0,20,33.7
20180731,0,21.2,35.1
20180801,0,23.1,34.1
20180802,0,21.2,34.2
20180803,0,23.5,36.2
20180804,0,25,37.4
20180805,0,25.8,36.8
20180806,0,21.6,37.2
20180807,0,25.3,37.1
20180808,10,22,34.6
20180809,24.5,19.2,25
20180810,0,14.9,27.3
20180811,0,15.4,27.5
20180812,1.5,14.7,33.9
20180813,35.5,20.7,28.8
20180814,0,18.2,27.4
20180815,0,17,29.1
20180816,1.2,16.8,32.7
20180817,0,20.6,25.5
20180818,0,18.7,28.1
20180819,0,18.4,30.7
20180820,0,18.7,31.2
20180821,0,20.7,32.3
20180822,0,19.8,34.5
20180823,0.2,19.4,33.4
20180824,0.2,20.1,26.2
20180825,0,15.8,20.9
20180826,0,11.7,24.2
20180827,0,11.1,30.5
20180828,0,17,32.5
20180829,2.2,21,30
20180830,0,15.1,21.8
20180831,0,16.6,24
20180901,0,13.9,24.1
20180902,0,14,25.5
20180903,0,13.3,26.7
20180904,0,13.9,28.3
20180905,0.2,14.1,30.5
20180906,15.7,18.3,24.1
20180907,0,16.5,25.8
20180908,0,12.3,27.9
20180909,0,12.3,30.8
20180910,0,14.7,31.8
20180911,0,15.3,32.7
20180912,0,16,33.3
20180913,0.8,17.5,30.8
20180914,0,18.6,26.4
20180915,0,15.8,26
20180916,0,11.8,28.2
20180917,0,14.6,31.8
20180918,0,17.3,31.3
20180919,0,16.5,31.8
20180920,0,16.8,31.7
20180921,2.4,17,29.5
20180922,0,11,24.7
20180923,1.6,15.7,30.9
20180924,0,11.2,18.2
20180925,0,8.1,20.4
20180926,0.1,7.6,26.1
20180927,0,10.9,27.5
20180928,0,10.5,27
20180929,0,12.9,21.4
20180930,2,9.8,19.3
20181001,0.3,11.5,15.9
20181002,0.1,8.5,16.3
20181003,0,11.3,19.8
20181004,0,13.4,18.5
20181005,0,8.9,26.4
20181006,22,11.3,25
20181007,0.2,12.3,16.3
20181008,0,13.9,18.4
20181009,0,12.1,18.5
20181010,2.3,13,19.5
20181011,0,14.3,24.7
20181012,0.1,14.6,25.6
20181013,0,13.3,26.2
20181014,0.2,13.6,24.3
20181015,0,12.3,23
20181016,0,12.3,24.2
20181017,0,10.4,23.2
20181018,0,10,21.3
20181019,0,9.9,20.8
20181020,0,9.7,18.9
20181021,0,8.4,17
20181022,0,5.5,17.3
20181023,0,9.3,17.1
20181024,0,8.4,18.3
20181025,0,12.4,14.9
20181026,0.6,11.3,15.7
20181027,0.9,7.6,9.7
20181028,25,6.3,9.5
20181029,30,5.2,5.9
20181030,1,2.6,11.1
20181031,0.8,4.4,15.5
20181101,4,9.2,12.4
20181102,0,5.2,13.9
20181103,0,8.1,11.6
20181104,0,5.3,12.2
20181105,0,5.6,17.3
20181106,1.4,8.9,14.2
20181107,9.2,6.6,15.5
20181108,0.6,9.2,13.3
20181109,0.7,8.7,16.4
20181110,2.5,8.7,18.1
20181111,0,13.2,19.1
20181112,1.6,17,20.6
20181113,1.2,10.9,13.3
20181114,0,9.3,15
20181115,0,9,16.7
20181116,0.2,7.6,11.2
20181117,1.5,7.6,8.7
20181118,0,4.8,6.9
20181119,0.5,2.3,2.8
20181120,10,1.8,7.5
20181121,0,4.3,8.1
20181122,4.6,4.9,9.3
20181123,23,3.1,8.4
20181124,0.2,4.3,10.8
20181125,3.2,2.5,7.7
20181126,9,3.7,8.2
20181127,0,5.8,8.8
20181128,0,1.6,9.9
20181129,0.2,3.8,15.2
20181130,4,8,9.2
20181201,16,7.5,9.8
20181202,4.5,7.3,13.6
20181203,1.7,10.6,16.2
20181204,0.2,9.3,19.4
20181205,2,5.2,12.9
20181206,1.6,8.4,15.5
20181207,0,11.3,15.6
20181208,0,4.8,14.7
20181209,4.3,9.1,12.9
20181210,1.2,7.5,10.9
20181211,0,4,9.2
20181212,0,-1.1,2.4
20181213,0,-1.1,1.7
20181214,0,-0.9,1.9
20181215,3.4,-0.3,4.9
20181216,2.9,2.4,7.2
20181217,1.5,4.8,9.8
20181218,8,1.7,12.2
20181219,2.8,7.1,11.6
20181220,0,3.2,8.9
20181221,7.4,6.7,11.3
20181222,1.8,9.4,12.1
20181223,0.5,9.3,12.8
20181224,0,8.5,13.9
20181225,0,2.5,4.9
20181226,0,1,4.5
20181227,0,1.4,4
20181228,0,0.3,5.5
20181229,0,2.8,4.2
20181230,0,1.7,7.4
20181231,0,3.4,8.6
20190101,0,6.9,8
20190102,0.3,4.5,6.7
20190103,0,1.1,4.8
20190104,0.5,1.1,5.5
20190105,0,1.8,5.3
20190106,0,3.6,5.2
20190107,1.1,3.2,5.7
20190108,0,3.6,5.4
20190109,2.3,2.5,6.1
20190110,0,1.4,4.5
20190111,0.3,0.5,3.9
20190112,13,1.6,6.7
20190113,3.7,4.6,9.5
20190114,2.3,6.5,9.2
20190115,0,1.7,8.4
20190116,0,-1.8,12.2
20190117,0,3.9,11.1
20190118,0,1.1,4.2
20190119,0,-3.4,2.9
20190120,0.2,-0.9,7.8
20190121,0,2.4,4
20190122,1.1,-1.7,3.5
20190123,2,0.7,2.5
20190124,0,0.6,2.8
20190125,0,-0.8,3.8
20190126,0,0,6.1
20190127,1.3,0.6,11.3
20190128,0,1,6.6
20190129,0.6,-1.1,7
20190130,0,3,6.6
20190131,9.5,3.1,9.9
20190201,10,6.4,7.4
20190202,14.5,2.4,5.9
20190203,0.5,2.7,4.5
20190204,0,0.2,5.5
20190205,0,-1.8,7.5
20190206,0.7,-2.8,8
20190207,1.6,-0.6,10.1
20190208,0.6,0.7,14.2
20190209,0,2.6,12.2
20190210,3.8,8.7,12.9
20190211,0.8,3.5,9.5
20190212,0,2.4,8.7
20190213,0.1,0.9,9.1
20190214,0.2,-1.3,14.8
20190215,0,-0.6,15
20190216,0,-0.4,18.1
20190217,0.2,0,18.3
20190218,0,6.7,15.9
20190219,0.1,1.8,14.2
20190220,0.1,0.7,15.7
20190221,0,1,17.3
20190222,0,4.9,17.4
20190223,0,5,14.1
20190224,0.1,1.5,15.2
20190225,0,2.2,15.6
20190226,0.1,1.6,17.6
20190227,0.1,1.8,18.6
20190228,0,2.5,20.1
20190301,0,8.1,12.3
20190302,1.9,5.5,11
20190303,0,1.2,17.9
20190304,0,9.4,16.5
20190305,0,6.8,16.2
20190306,12,6.8,16.4
20190307,0,9.2,16.6
20190308,0,9.3,13.8
20190309,0.9,9.7,14.5
20190310,0.4,10.7,19.4
20190311,0,6.4,11.9
20190312,2.5,-0.2,16.1
20190313,0.7,3.9,11.8
20190314,7.5,6.6,10.5
20190315,0.1,7.5,14.7
20190316,0,5.9,20.6
20190317,0.3,6.5,19.2
20190318,0,4.8,12
20190319,0,3.4,12.8
20190320,0,3.4,15
20190321,0,2.5,16.2
20190322,0,1.8,21.6
20190323,0,4.1,21.8
20190324,0,5.2,21.2
20190325,0,8.8,14.4
20190326,0,4.6,13.5
20190327,0,4.5,15.4
20190328,0,5.9,17.2
20190329,0,3,21.1
20190330,0,4.7,21.5
20190331,0,5.1,22.8
20190401,0,6.3,22.3
20190402,0.2,5.2,21.2
20190403,16.2,5.1,11.5
20190404,1,4.4,11.2
20190405,0.3,0.4,16.4
20190406,0.2,6.7,15.1
20190407,0.5,8.6,14.6
20190408,0,7.8,17.8
20190409,0,5.1,19.2
20190410,0,9.1,17.7
20190411,0,10.3,16.4
20190412,0,6.8,16.3
20190413,0,5.2,14.2
20190414,0,2.6,12.3
20190415,1.4,1.8,19.6
20190416,0.9,11.2,16.7
20190417,0,6.4,24
20190418,0,9.3,24.9
20190419,0,9,26.5
20190420,0,11.4,26
20190421,0,11.8,23.1
20190422,0,12.8,26.4
20190423,1,14.6,23
20190424,4.9,13.4,19.3
20190425,47,9.4,19
20190426,5.7,6,17.5
20190427,3.3,10,16.5
20190428,3.6,7.9,12.7
20190429,0,6.3,15.6
20190430,0,8.5,19.5
20190501,0,7.7,22
20190502,0.4,8.7,19.1
20190503,0,9.7,18
20190504,4.6,4.5,16.8
20190505,0.1,4.2,11.7
20190506,0,4.9,15.5
20190507,1,3.9,22.7
20190508,15,10.9,16.5
20190509,3,9.3,19.9
20190510,0.2,11.1,22.7
20190511,6,12.7,20.3
20190512,0,9.3,17.5
20190513,0,8.4,19.6
20190514,0,8.8,20.2
20190515,0,7.9,18.7
20190516,0,6.9,19
20190517,1.9,12.1,17.2
20190518,1.9,10.5,20.6
20190519,0.2,11.9,20.9
20190520,0.3,13.5,19.7
20190521,0.4,13.3,22.2
20190522,0,13.2,23.7
20190523,0,10.4,26.3
20190524,0,13.1,27
20190525,0.5,16,25.6
20190526,0,14.6,25.6
20190527,2.5,14,21.2
20190528,0.3,13.3,19.6
20190529,0,12,20.4
20190530,0,9.8,24.5
20190531,0,13.8,28.2
20190601,0,14,31.5
20190602,0,18.2,33.7
20190603,0,19.3,29.5
20190604,0,18.6,31.5
20190605,4.1,16.9,31.9
20190606,0,11.1,22
20190607,1,15.1,28.1
20190608,0.1,10.5,25.1
20190609,17,14,16.9
20190610,18,13.1,17.4
20190611,13.5,12.2,16
20190612,0,11.4,24.4
20190613,1.8,9.7,29
20190614,16,15.1,21.8
20190615,24.4,15.4,23.5
20190616,0,12.5,24.9
20190617,0,14.6,29.6
20190618,0,15.7,32.4
20190619,0,18.4,32.3
20190620,1,19.1,26.6
20190621,5.9,17.7,24.3
20190622,0,15.2,26.4
20190623,0,15.2,31.4
20190624,0,17.2,34.6
20190625,0,19.5,37.1
20190626,0,20.7,38.7
20190627,0,21.9,39.6
20190628,0,25.4,36.8
20190629,0,22,38.3
20190630,0,25,37.9
20190701,9.8,21.7,36.2
20190702,0,20.2,30.8
20190703,0,21,31.4
20190704,0,20.5,33
20190705,0,19.7,35.8
20190706,3,22.9,33.9
20190707,0,19.5,32.2
20190708,0,19.7,32.6
20190709,0,17.6,28
20190710,0,17.1,29.1
20190711,0,16.1,27.8
20190712,0,16,31.4
20190713,0,19.9,28.6
20190714,0,17.4,28.4
20190715,0,16.2,27.3
20190716,0,18.1,31.1
20190717,0,18.9,32
20190718,0,18.5,30.2
20190719,0,17.5,32.7
20190720,4.1,21.6,33.6
20190721,0,20.2,33.3
20190722,0,22.5,35.6
20190723,0,21.1,38.9
20190724,0,25.6,40.3
20190725,0,24.9,40.1
20190726,2.5,24.6,38.4
20190727,21.9,19.4,28
20190728,0.3,16.4,25.1
20190729,0,15.1,29.4
20190730,0,17.2,27.5
20190731,0,17.7,26.3
20190801,0,14.5,28.3
20190802,0,18.6,31.1
20190803,0,19.7,30.7
20190804,0,16.7,33.3
20190805,0,18.6,35.6
20190806,21,21.3,35.1
20190807,3.6,18.9,29.1
20190808,0,18.3,32.4
20190809,28,20.3,36.2
20190810,0,17.6,29.2
20190811,14.5,15.4,27.1
20190812,2.5,15,25.8
20190813,0,15.1,23.8
20190814,0,14.3,27
20190815,0,15.9,26.8
20190816,0,13.9,27.7
20190817,0,15.1,34.8
20190818,6.8,21.1,33.6
20190819,3.9,16.2,18.9
20190820,12,15.7,18.8
20190821,0,12.7,23.4
20190822,0,13.8,26.5
20190823,0.1,14.7,29.1
20190824,0,14.7,32.7
20190825,0,15.9,33.1
20190826,0,15.4,33.6
20190827,0,17.7,30.6
20190828,0,19.1,32.9
20190829,0,19.1,30.5
20190830,0,20,31.6
20190831,0.2,18.1,35.2
20190901,0,19.9,24.8
20190902,0,17.9,25.5
20190903,0,15.1,27.2
20190904,0,12.1,30.4
20190905,0,15.3,21.8
20190906,0,13,21.6
20190907,3,13.8,23.9
20190908,1.1,10.6,19.5
20190909,0,8.1,19.6
20190910,0,10.8,21.8
20190911,0,11.7,24.2
20190912,0,10.7,27.8
20190913,0,12.4,29.6
20190914,0,15.5,30.7
20190915,0,16.5,32.7
20190916,0,16.1,33.1
20190917,0,18.2,29.6
20190918,0,15.6,23.7
20190919,0,12.1,23.1
20190920,0,10.5,28.2
20190921,0,14.9,28.7
20190922,9.2,15.8,28.3
20190923,0.1,13.3,22.1
20190924,0.9,11.8,21.5
20190925,2,14.3,21.1
20190926,0,15.5,24.7
20190927,0,12.4,27
20190928,0,15.3,23
20190929,0,9.7,28
20190930,0,15.3,23.9
20191001,13,10.8,25
20191002,0.5,13.7,20.9
20191003,0,7,17
20191004,0,6.4,18
20191005,0,12.5,19.3
20191006,3.6,13.6,19
20191007,0,9.4,17.4
20191008,0.2,7.5,22
20191009,7.9,11.6,19
20191010,0.1,9.5,18.3
20191011,0,7.5,22.5
20191012,0,14,21.5
20191013,0,18.8,25.6
20191014,44,17.7,26
20191015,7.8,11.4,16
20191016,0.2,7.8,19.5
20191017,1.2,13.1,21.5
20191018,12.8,14,20
20191019,2.5,14.7,20.7
20191020,40,17.7,22.5
20191021,6.4,12.3,15.1
20191022,0.8,12.1,14.5
20191023,24,13,15.7
20191024,0,10.9,20.7
20191025,0.2,9.9,18.7
20191026,0.1,9.4,21.7
20191027,0.2,9.8,17.4
20191028,3.3,14.1,16.5
20191029,0.1,10.8,16.3
20191030,0.1,10.8,14.5
20191031,0,12.5,14
20191101,12,11.3,14.8
20191102,0.4,13.4,19.1
20191103,4.3,12.6,14.9
20191104,0.6,9.1,15.4
20191105,0.7,9.5,16
20191106,2.4,9.4,13.5
20191107,0.1,8,11.6
20191108,0,3.9,11.1
20191109,0.9,5.4,10.7
20191110,0,3.8,11
20191111,0.4,2.8,10.9
20191112,0,2.4,10.6
20191113,1.7,3.2,9.5
20191114,49.5,0.7,7.8
20191115,0,0.7,5.1
20191116,0,1.5,7.5
20191117,0.4,0.2,8.1
20191118,0,3,9.5
20191119,0,2.1,8.1
20191120,0,0.7,9.4
20191121,4.8,2,11.2
20191122,0.1,6.7,14.6
20191123,1.1,9.1,11.1
20191124,0,9.6,11.2
20191125,0,5.8,11.4
20191126,4.5,5.4,15
20191127,0.3,8.9,15.2
20191128,3.5,10.6,14.8
20191129,1.8,7.9,13.4
20191130,22,5.4,9.1
20191201,0.1,7,10
20191202,0,4.2,6.7
20191203,0.5,0.7,4.5
20191204,0,-1,3.7
20191205,0,-1.3,4.1
20191206,0.4,-0.1,7.5
20191207,0,3.3,12
20191208,2.3,5.2,13.8
20191209,1.6,7.7,11.6
20191210,0,1.6,7.5
20191211,9.8,0.4,5.3
20191212,8.5,2.2,8.4
20191213,11.2,4.9,10.9
20191214,2.6,5.1,11.4
20191215,0,7.8,15.8
20191216,0,7.5,17.6
20191217,2.6,13.1,18.9
20191218,0.5,11.7,18.2
20191219,0,9,17.6
20191220,12,10.2,15.2
20191221,6.7,6.5,12.8
20191222,3.7,8.7,13
20191223,1.4,5.9,11.4
20191224,1.6,4.4,10.2
20191225,0.2,2,9.8
20191226,0.8,2.2,8.7
20191227,1.8,6.5,11.4
20191228,0,7.7,9
20191229,0,2.7,5.7
20191230,0,2.1,6.4
20191231,0.2,-0.9,5.3
20200101,0,0.4,2.3
20200102,0.1,0,2.8
20200103,0.6,0.4,12.4
20200104,0.4,5.6,9.4
20200105,0.2,1.5,7.9
20200106,0.2,-1.6,7.9
20200107,0.1,0.6,10.2
20200108,0,5.5,10.2
20200109,0.4,4,14.3
20200110,0,8.4,12.5
20200111,0,6.4,8.6
20200112,0,0.6,7.3
20200113,0,1.4,8.9
20200114,0,2.5,13.8
20200115,0,11,13.9
20200116,0,3.7,13.6
20200117,6.1,7.4,11.7
20200118,0,3,8.9
20200119,0,2.2,6.1
20200120,0,1.2,6.6
20200121,0,0,6
20200122,0.1,-1.8,5.3
20200123,0,-1.4,2.4
20200124,0,-0.7,8.2
20200125,0.7,2.1,10.7
20200126,2.9,5.3,12.8
20200127,0.8,5.2,11
20200128,2.7,6.5,12.4
20200129,1.8,5.7,10.4
20200130,4.3,1.5,9.2
20200131,0.2,8.1,15.8
20200201,3.2,5.7,15.6
20200202,1.5,8.7,13.2
20200203,0.5,9,19.3
20200204,0.8,6.2,8.9
20200205,0,5.6,9.6
20200206,0,0.3,7.1
20200207,0,-1.3,13.5
20200208,0.2,0.3,14.2
20200209,0,6.4,13.7
20200210,0.9,11.9,17.9
20200211,0.3,9.8,13.6
20200212,0,3.5,12.2
20200213,1.8,0.4,12.3
20200214,0.2,6.4,12.5
20200215,0,0.6,18
20200216,0,7.8,15.6
20200217,6,8.8,14.4
20200218,0.2,2.7,12.3
20200219,2.8,3.8,9.9
20200220,0,2.1,14.9
20200221,0,6.4,11.8
20200222,0,0.2,15.7
20200223,0,1.4,20.3
20200224,0,5.7,19.7
20200225,2.5,4.7,13.3
20200226,0.4,5.3,9.7
20200227,0.3,1,12.4
20200228,0.1,-0.3,13.8
20200229,1.4,7.3,13.6
20200301,3.3,8.2,15.3
20200302,8.2,7.1,10.5
20200303,0.1,3,11.1
20200304,4,3.4,12
20200305,3.4,7.6,13.7
20200306,0.6,5.4,12
20200307,0,5.9,9.7
20200308,1.3,0.6,14.5
20200309,3.7,5.4,12.6
20200310,0,3.4,10.8
20200311,0,8.5,21.5
20200312,0.5,7.2,19.9
20200313,0,7.9,14
20200314,0,2.5,15
20200315,0,2,18.3
20200316,0,9.1,19.2
20200317,0,7.8,20.5
20200318,0,6.6,22.1
20200319,0,6.6,23.5
20200320,0,6.9,22.8
20200321,0,7.9,20.8
20200322,0,6.7,15.7
20200323,0,7.6,15.1
20200324,0,2.9,13.9
20200325,0.2,1.7,13.4
20200326,0,4.2,13.5
20200327,0,3.3,14.8
20200328,0,4.7,19.2
20200329,1.6,4.4,12.2
20200330,0,3.4,9.8
20200331,0,1.1,14.8
20200401,0,0.3,17.9
20200402,0,3.6,18
20200403,0,4.9,16.1
20200404,0,3.8,20.8
20200405,0,4.8,23.3
20200406,0,6.7,24
20200407,0,6.4,24.9
20200408,0,7.1,25.9
20200409,0,6.4,26.2
20200410,0,7.8,26.7
20200411,0,11,27.1
20200412,0,11.6,23.2
20200413,0,7.4,22.4
20200414,0,7.5,18
20200415,0,4.9,25.7
20200416,0,11.9,25.4
20200417,0,11.7,24.7
20200418,0.4,12.2,25.4
20200419,2.4,12.6,17.6
20200420,0,13.8,22.9
20200421,0,14.9,21
20200422,0,10.5,25.5
20200423,0,13.5,26.6
20200424,0,11.7,26.9
20200425,1.4,14.4,25.7
20200426,0,14.6,22.3
20200427,18,10.1,22.9
20200428,13,12.8,18.6
20200429,4.5,9,21.5
20200430,11,12.8,19.7
20200501,9,10.2,15.6
20200502,2.1,11.9,18.6
20200503,0.1,12.1,23.3
20200504,0.1,11,28.2
20200505,0,17.2,27.8
20200506,0,12.4,22.9
20200507,0,11.6,26.2
20200508,0,15.1,28.6
20200509,0,13,27.6
20200510,5.6,15.4,25
20200511,3.8,9.5,23.6
20200512,1.3,6.9,12.7
20200513,25,9.9,12.9
20200514,0,10.7,14.5
20200515,0,12,17
20200516,0,11.4,22.1
20200517,0,12.6,23.4
20200518,0,13.7,25.7
20200519,0,16.2,26.9
20200520,0,17.4,27.9
20200521,0,16.7,30.1
20200522,0,14.6,33
20200523,5.2,13,22.6
20200524,0,8.4,22.6
20200525,0,13,25
20200526,0,13.5,26
20200527,0,14,26.5
20200528,0,13.5,27.7
20200529,0,15,26.4
20200530,0,13.2,26.3
20200531,0,14.2,27.2
20200601,0,14.2,29.8
20200602,0,17.2,30.6
20200603,4.4,16,28.3
20200604,10.5,16.2,22.8
20200605,0,13.6,18.9
20200606,5.4,15.4,24.8
20200607,0.2,12.8,21.9
20200608,10.2,12.3,21.1
20200609,3.5,12,14.6
20200610,0,13.2,23.8
20200611,1.1,12.7,25.7
20200612,13,15.1,21
20200613,3.2,14,21
20200615,0,14.6,26
20200616,0.2,14,24
20200617,1.1,15,24
20200618,25,13.8,25.3
20200619,0,14,24.8
20200620,0,13.6,26.7
20200621,0,14.5,28
20200622,0,17.3,27.5
20200626,1.3,21.1,33.6
20200627,0,21.2,31
20200628,0.2,18,28
20200630,0,15.2,30.5
20200701,24.5,18.2,33.7
20200702,0,19.9,27.8
20200703,0,16,25.3
20200704,0,16,29
20200705,0,18.1,31.8
20200706,0,18.7,26.5
20200707,0,15,27
20200708,0,15.1,31.3
20200709,0,16.3,36.6
20200710,5.1,20.6,33.2
20200711,0,18.4,27.2
20200712,0,16,30
20200713,0,15.4,30.5
20200714,0,16,29.7
20200715,0.3,17.6,23.2
20200716,0.1,17.4,24.9
20200717,0,17.2,23.5
20200718,0,17.2,29.4
20200719,0,16.4,31.9
20200720,0,15.6,35.8
20200721,0.7,21.2,35
20200722,1.6,19.6,32.3
20200723,0.2,18.7,32.5
20200724,0,19.5,31.7
20200725,0,18,32.9
20200726,0,22.8,31.5
20200727,0,18.5,38.1
20200728,0,23.6,34.3
20200729,0,21.4,32.4
20200730,0,20.7,38.5
20200731,0,21.9,40.7
20200801,0.6,22.9,36.8
20200802,0,22.2,27.3
20200803,0.6,19,24.4
20200804,0,15.1,25.7
20200805,0,16,30.4
20200806,0,15.7,33.5
20200807,0,17.1,37.1
20200808,0,18.9,38.3
20200809,0,19.9,37.9
20200810,12.9,21.1,37.3
20200811,0,19.5,37
20200812,0,23,35.2
20200813,6.3,20.6,31.5
20200814,0,19.5,29.6
20200815,0,19.2,32.5
20200816,3.2,19.6,27.6
20200817,0,18.9,29.4
20200818,0,18.4,30.8
20200819,0,17.9,34.4
20200820,0,22.8,35.2
20200821,2.4,24.9,36.7
20200822,0,19.9,28.8
20200823,0.6,18.4,27.2
20200824,0,15.2,27.4
20200825,0,14.6,34.1
20200826,0,18.6,29.6
20200827,0,16.7,32.4
20200828,17.1,16.6,22.1
20200829,0,15.1,23.2
20200830,0,15,22.4
20200831,0,13,23.5
20200901,0,13.4,24
20200902,0,13.3,25.3
20200903,0,12.2,28
20200904,0,12.6,32.8
20200905,0,17.5,32.2
20200906,0,16.2,23.6
20200907,0,13.4,24.5
20200908,0,13,27.7
20200909,0,13.5,28.7
20200910,0,16.4,29.9
20200911,0,19,30.1
20200912,0,15.2,30.8
20200913,0,16.9,32
20200914,0,16.6,34.8
20200915,0,19.6,33.4
20200916,0,17.5,33.2
20200917,0,20,32
20200918,2,17.1,32.7
20200919,2.4,18.7,30.6
20200920,3.2,17.1,25.3
20200921,5.2,17.7,24.2
20200922,0.6,16.5,24.2
20200923,0,14.6,26.7
20200924,4.6,17.6,22.2
20200925,2,10.8,16
20200926,6.6,8.2,13.1
20200927,17.7,6.3,10.7
20200928,4.4,9.1,13
20200929,0,10.1,18.6
20200930,0,8.5,20.1
20201001,2.2,9.9,17.9
20201002,60.3,11.3,15.8
20201003,0.4,8.7,16.4
20201004,0,11.3,15.7
20201005,2.2,9.7,15.8
20201006,0.4,10.3,16.7
20201007,0,11.6,17.8
20201008,0,8.6,21.1
20201009,0.2,10.3,19.7
20201010,0.2,11.4,15.9
20201011,1.4,7.1,12.5
20201012,0,8.9,14.4
20201013,0,4.7,13.3
20201014,0,8.3,14.1
20201015,0,7.8,10.5
20201016,0,9.8,13.7
20201017,0,10.3,13.2
20201018,0,8.6,14.2
20201019,0,2.9,17.5
20201020,0,14.4,19.5
20201021,0,17.3,21.2
20201022,11.6,16.4,19.7
20201023,13.4,13.8,17.2
20201024,0,11.2,18
20201025,36,8.3,18.6
20201026,1.4,8,13.2
20201027,2.2,6.7,14.9
20201028,0,9.6,18.4
20201029,0,11.5,16
20201030,0.2,8.4,19
20201031,0,7,17.3
20201101,0,7.9,19.5
20201102,0,12,19.1
20201103,1.8,10.9,13.3
20201104,0,8.2,11.9
20201105,0,8.8,12.2
20201106,0,5.4,15.6
20201107,0,10,18
20201108,4.6,11.3,15.7
20201109,0,7.8,17.8
20201110,0,8,15.3
20201111,0.4,8.7,13.4
20201112,0,6,16.6
20201113,0.2,7.4,16.9
20201114,0.2,7,18.1
20201115,7.8,11.9,17.4
20201116,0,7.6,14
20201117,0,5.3,13.4
20201118,0.2,3.6,17.1
20201119,0.4,6.1,13.1
20201120,0.2,6.5,9.7
20201121,0,1.2,6.5
20201122,0,-0.7,3.4
20201123,0.2,-1,7.9
20201124,0,0.3,6.4
20201125,0.2,0.8,14.4
20201126,0,1.4,13.3
20201127,0,4.1,13.4
20201128,0.2,1.4,9.1
20201129,0,1,3.9
20201130,0.4,1.9,3.4
20201201,4.2,-0.9,7.8
20201202,0.6,3.7,5.6
20201203,0.6,3.5,9.5
20201204,4.2,3.9,8.4
20201205,0.2,0.2,5.3
20201206,3,0.5,5.4
20201207,0.6,1.8,7.4
20201208,0.6,4.9,9.2
20201209,0,2.3,5.4
20201210,0.2,-1.6,4.8
20201211,7.6,1.1,9.2
20201212,1,7.1,10.5
20201213,0,2.5,9.4
20201214,0.6,2.2,13.8
20201215,22.7,10.2,14
20201216,0,5.4,14.9
20201217,2.6,4.8,10.1
20201218,0,8.2,14.2
20201219,10.9,6.5,14.7
20201220,9,8.3,11.2
20201221,3.8,6.1,11
20201222,0.2,6.4,14
20201223,2.2,6.4,14.4
20201224,7,8.1,11.5
20201225,1.6,3.2,5.1
20201226,0,2.1,4.4
20201227,0.6,-0.6,9
20201228,0.2,5.4,9.7
20201229,0,5.4,10.2
20201230,5.8,1.4,5.7
20201231,7.8,0.4,6.3
20210101,0,2.5,4.5
20210102,0,1.6,3.3
20210103,0.2,1.2,2.7
20210104,0,-1.4,1.7
20210105,0,0.1,2.9
20210106,0,1.1,2.2
20210107,0,-1,3.8
20210108,0,0.7,3.7
20210109,0,-1.2,1.8
20210110,0,-1.6,1.6
20210111,0,-1.6,0.7
20210112,3.8,-3.5,3.6
20210113,5.6,1.5,8.4
20210114,4.2,5.2,9.6
20210115,3,1.9,6.6
20210116,11,0.1,1.8
20210117,1,-0.3,5.7
20210118,0,1.4,5.5
20210119,0,-1.3,10
20210120,0,1.6,13.3
20210121,0.4,10.5,13.7
20210122,10.5,5.2,13.6
20210123,0.6,3.8,8.3
20210124,0.2,1.1,6.5
20210125,0,0.2,6.3
20210126,0,-1.4,5.5
20210127,4.6,0.4,6.8
20210128,7.8,4.6,9.7
20210129,0,6.9,14.8
20210130,6.2,5,8.5
20210131,1.4,4.6,12.3
20210201,7.6,8.8,12.4
20210202,4.6,9,14.1
20210203,2,9.5,16.2
20210204,0,3.5,11.8
20210205,0,4.2,15
20210206,5.6,6.3,13.1
20210207,1.2,7.1,9.5
20210208,0.8,4.9,10.3
20210209,4.6,2.4,7.1
20210210,0,4.1,11.8
20210211,0,-0.8,3.1
20210212,5,-2,0.8
20210213,0,-3.6,-0.3
20210214,0,-3.9,7.4
20210215,0.2,4,9.9
20210216,0,7,12.7
20210217,0,3.3,15.4
20210218,0,2.1,13.8
20210219,0,5.6,16.8
20210220,0,10.9,17.5
20210221,0,8.5,19.4
20210222,0,8.1,19.4
20210223,0,8.5,20.4
20210224,0,7,21.9
20210225,0.4,4.7,22
20210226,0.6,3.9,17.9
20210227,0,6.9,11.3
20210228,0,2.1,13.7
20210301,0,2.1,17.8
20210302,0,2.5,16.7
20210303,0,6.1,13.6
20210304,0,3.7,16.5
20210305,0,8.2,11.5
20210306,0,4.2,11.2
20210307,2.2,3.5,12.8
20210308,0,5.1,13.2
20210309,0,3.9,11.7
20210310,0,3.1,13.7
20210311,3.4,10.1,15
20210312,0,4.5,14.4
20210313,2.8,4.7,15.3
20210314,0.8,4.3,11.9
20210315,3.2,6,11.1
20210316,6.6,5.2,11
20210317,1.4,4.6,8.4
20210318,0,2.8,9
20210319,0,2.4,10.1
20210320,0,0.9,8.7
20210321,0,3.4,11
20210322,0,4.4,11.1
20210323,0,2.9,14.7
20210324,0,1.3,19.9
20210325,0,3,19
20210326,12.9,3.7,19.3
20210327,0,7.6,14.6
20210328,0,2.1,19.1
20210329,0,3.4,23.5
20210330,0,6.7,25.8
20210331,0,8.6,27.1
20210401,0,9.2,26.3
20210402,0,8.2,23.3
20210403,0,5.7,14.5
20210404,0,5.1,17.4
20210405,0,3.9,20
20210406,0,1.3,8.8
20210407,0,1,9.7
20210408,0,-1.3,17.9
20210409,3.1,8.9,17.2
20210410,0,10.5,16.8
20210411,19.9,8.9,16.7
20210412,0,4.9,11.5
20210413,0,4.1,13.1
20210414,0,2.7,13.5
20210415,0,3,13.1
20210416,0,3.1,11.4
20210417,0,3.6,14.8
20210418,0,7.5,13.5
20210419,0,5.4,18
20210420,0.2,5.2,20
20210421,0.4,9.1,18.4
20210422,0,8.1,22
20210423,0,9.7,23.1
20210424,0,7.6,26.8
20210425,0,9.8,23.8
20210426,0.4,12.5,17.2
20210427,0,11.7,23
20210428,4.4,13.8,19.6
20210429,6.6,10.7,17.2
20210430,16.5,8.4,12.1
20210501,6,8.3,10.5
20210502,0.2,7.9,16.1
20210503,0,4.3,19.4
20210504,1.4,7.7,21.6
20210505,0,9.5,18.4
20210506,6,7.5,17.1
20210507,0.8,11.1,17.5
20210508,0,7.8,27.2
20210509,0,17.1,26
20210510,101.5,12.7,18
20210511,8.1,10.7,17.2
20210512,1.2,7.5,19.3
20210513,4.6,9.8,17.3
20210514,2.6,9.9,19.8
20210515,9.6,11.4,13.8
20210516,7.7,11.6,22.1
20210517,1,9.8,19.1
20210518,1.2,8.7,16.7
20210519,9.9,9.1,17.7
20210520,0.6,9.1,21.4
20210521,11.5,12.4,18
20210522,0.8,9.4,21.4
20210523,0,7.9,19.7
20210524,0,10.3,21.9
20210525,0,8.7,19
20210526,0,8.5,24.3
20210527,0,13.6,23.1
20210528,0,10.8,26.3
20210529,0,15.2,25.7
20210530,0,14.1,25.6
20210531,0,11.8,29.7
20210601,1.4,16.4,28.6
20210602,2.2,16.1,23.7
20210603,0,18,30.3
20210604,4.2,19.1,30.5
20210605,0,15.7,22.3
20210606,0,16.1,22.5
20210607,0.2,16.7,24.3
20210608,0,17.3,27.2
20210609,0.2,17.4,27.7
20210610,0,16.8,29.9
20210611,0,17.3,30.9
20210612,0,20.4,30.8
20210613,0,20.5,30.1
20210614,0,17,32.4
20210615,0,20.9,32.9
20210616,0,18.2,35.8
20210617,0,24.3,30.9
20210618,2,20.7,34
20210619,0,20.5,32.3
20210620,35.6,17.5,29.6
20210621,2.8,16.7,28.3
20210622,0.4,16.1,26.2
20210623,41,16.1,26.1
20210624,0.2,15.3,22.1
20210625,0,13.3,23.8
20210626,0.6,12.9,28.6
20210627,0.8,17.8,31.7
20210628,1.6,17.1,23.7
20210629,1.4,17.2,25.4
20210630,0.4,12.9,24
20210701,0,15.3,26.8
20210702,0,14.9,28.5
20210703,3,19.6,24.2
20210704,14.1,17.1,25.6
20210705,2.8,18.6,31.3
20210706,36.2,15.2,19.4
20210707,4.5,14.5,26.6
20210708,2.2,15.8,24.5
20210709,0,13.4,27
20210710,7.5,14.4,29.7
20210711,0,15.5,27.3
20210712,44.2,16.7,27.4
20210713,5.6,14.1,21.5
20210714,3.2,13.4,17.7
20210715,6.4,15.9,19.1
20210716,4.5,16.4,25.2
20210717,0,17.9,26
20210718,0,19.4,29.1
20210719,0,18.8,31.4
20210720,0,19.2,31
20210721,0,16.5,30.5
20210722,0,16.8,31.5
20210723,0,18,35
20210724,7.1,20.3,29.1
20210725,0,19.4,29.2
20210726,0,18.6,28.5
20210727,7.2,17.2,29.1
20210728,0,17.9,28.8
20210729,0,17.1,29.4
20210730,12,18,27.8
20210731,6.4,15.2,24.9
20210801,0,14.8,23.6
20210802,0,13.3,25.9
20210803,10.5,14.9,23.4
20210804,12.7,16.2,21.7
20210805,0,16.7,25.8
20210806,0,18.5,28.5
20210807,15.9,16,20.2
20210808,0,14,26.2
20210809,0,14.1,26.7
20210810,0,14.9,31.5
20210811,0,17.9,32.3
20210812,3.6,19.1,33.5
20210813,0,18.6,33.2
20210814,0,21,35.5
20210815,0,22.9,35.3
20210816,0,19.6,24.4
20210817,0,16.6,23.3
20210818,0,14.3,22
20210819,0,16.6,25
20210820,0,13.8,27.9
20210821,0,16.1,33.2
20210822,0,21.1,27
20210823,0,17.6,25.3
20210824,0,16.6,24.5
20210825,0,14.9,25.6
20210826,0,15.6,26.7
20210827,0,14.5,22.9
20210828,0,14.1,22.9
20210829,0,14.5,23.6
20210830,0,14.2,21.8
20210831,0,14.6,24.8
20210901,0,13.6,26.2
20210902,0,13.9,28.2
20210903,1.4,18.2,26.7
20210904,0,17.7,28.8
20210905,0,15.6,30.2
20210906,0,16.6,30.7
20210907,0,16,31.4
20210908,0,20.3,31.2
20210909,1.6,18.7,24.9
20210910,2.6,18,25
20210911,0.2,16.1,26.6
20210912,0,14.3,27.7
20210913,0,14,30.4
20210914,2.2,20.9,27.8
20210915,5.2,18.3,28.6
20210916,1.8,18.1,24.3
20210917,0,16,25.3
20210918,18.6,14.3,25.8
20210919,16.1,14,19
20210920,7.8,13.8,18
20210921,0,13.9,20.8
20210922,0,11,21.2
20210923,0.2,10.8,25.1
20210924,0.2,12.5,26.2
20210925,3.8,14.5,27.5
20210926,0.2,16.5,25.5
20210927,0,14.3,25.1
20210928,0,11.5,20
20210929,0,14,22.3
20210930,0,10.7,19.1
20211001,0.2,7.4,24.7
20211002,0.2,11.7,24.5
20211003,74.2,13.9,22.3
20211004,11,11,13.2
20211005,2.2,9.4,16
20211006,0.4,9.3,15.7
20211007,0,8.6,17
20211008,0,9.9,16.2
20211009,0,9.9,14.5
20211010,0,7.1,16.2
20211011,0,6.6,17
20211012,0,9.8,16.5
20211013,0,8.6,14.5
20211014,0,5.2,15.1
20211015,0.2,4.3,18
20211016,0.2,5.4,16
20211017,0,5.6,16.2
20211018,0.2,7.1,19.4
20211019,0,8.1,20.9
20211020,2.8,15.6,20.6
20211021,0,12.3,19.5
20211022,0,10,15
20211023,0,4.8,14.4
20211024,0.2,3.2,17.2
20211025,1.4,5.3,18.7
20211026,0,9.8,17.2
20211027,0.2,7.2,13.9
20211028,0.2,6.4,18.3
20211029,0.2,7.4,19.4
20211030,2.4,12.8,19.2
20211031,35.2,13,21.4
20211101,6,10.2,14
20211102,10,8.8,14
20211103,0.4,8.7,13
20211104,1.2,6.4,11.3
20211105,0,4.8,10.8
20211106,0,6.4,10.6
20211107,0,4.4,10.4
20211108,0,8.1,11
20211109,0,4.1,7.8
20211110,0,3.4,7.8
20211111,0,4.5,9.1
20211112,0,4.2,7.2
20211113,1,3.9,9.9
20211114,0.2,7.4,11.9
20211115,0,8.8,10.5
20211116,0,7.6,8.7
20211117,0,6.3,7.8
20211118,0,6.9,11.7
20211119,0,6.4,8.9
20211120,0,4.8,7.5
20211121,0,4.8,6.9
20211122,0,4.7,7.5
20211123,0,6.2,8.6
20211124,0,1.8,7.9
20211125,2,2.6,5.3
20211126,0.2,1.9,5.7
20211127,1.4,3.3,8.9
20211128,10,2.4,5.2
20211129,0,1.8,4.6
20211130,0,-1.1,6.8
20211201,2.6,2,7.4
20211202,1.2,3,7.5
20211203,6,-0.5,6.7
20211204,4.6,3.1,10.1
20211205,5.8,2.7,6.9
20211206,1.8,3,6.2
20211207,12.1,2.1,9.1
20211208,6.6,4.1,6.6
20211209,4,3.1,7.2
20211210,4.6,0.7,8.3
20211211,0,2.7,6.7
20211212,0.2,-1.2,4.2
20211213,0,2.3,5.4
20211214,0,2.5,3.2
20211215,0.2,1.1,3.5
20211216,0.6,2.2,5.1
20211217,0.2,2.4,6.3
20211218,0,0.5,4
20211219,0,0.8,2.8
20211220,0,0.1,2.4
20211221,0,-0.1,3.3
20211222,0,-1.5,2.4
20211223,0.2,-0.9,11.7
20211224,0.2,2.2,13.2
20211225,1.6,4.3,12
20211226,0.4,6,10.6
20211227,15.7,5.2,11.4
20211228,19.1,7.5,12.6
20211229,5.2,9,12.8
20211230,0.2,9.8,15.6
20211231,0.2,7.2,12
20220101,0.2,4.9,8.1
20220102,0.2,2.8,9.7
20220103,0,4.6,13.9
20220104,7,7.7,14.2
20220105,0,3.8,5.7
20220106,0,2.7,5.6
20220107,5.8,-1,4.4
20220108,3,2.6,9.4
20220109,6.2,2.4,7.1
20220110,0,3.1,6.4
20220111,0,1.3,4.2
20220112,0,0.4,2
20220113,0,-1.9,1.2
20220114,0,-3.6,1.8
20220115,0,-3.5,-0.9
20220116,0,-2.8,1.1
20220117,0,-2,5
20220118,0,0.9,4.6
20220119,0,-2,4.2
20220120,0.6,2.4,5.5
20220121,0,1.1,4.9
20220122,0,1.1,6.3
20220123,0,1.8,2.6
20220124,0,-1.3,6.1
20220125,0,-2,6.5
20220126,0,-2.8,0.4
20220127,0,-2.5,1
20220128,0,-1.5,5.1
20220129,0,-1.5,4.5
20220130,0.2,2.8,9.9
20220131,0.2,4,8.1
20220201,0.8,2.8,6.8
20220202,0,3.9,11.9
20220203,0,5,12.1
20220204,0.2,3.7,10.7
20220205,0,4.3,9.4
20220206,2,-0.6,9.7
20220207,0,6.1,9.2
20220208,0,-0.4,10.8
20220209,0,-1.6,14.3
20220210,2.6,1.2,14.7
20220211,0.8,5.1,8.7
20220212,0,-1.9,9.7
20220213,0.2,0.1,13.1
20220214,16.3,7.5,11.2
20220215,1.4,6,10.1
20220216,4.2,5.5,9.6
20220217,0,8,17.6
20220218,0,5.4,20.3
20220219,0,5.8,11
20220220,3.2,2.3,12.9
20220221,3.8,7.8,10.3
20220222,0,7.2,13
20220223,0,7.5,15.5
20220224,0,3.6,15.4
20220225,0,4.8,10.4
20220226,0,2.3,11.1
20220227,0,-1.1,12
20220228,0,-0.5,13.6
20220301,0,0.4,14.4
20220302,0,6,13.1
20220303,0,3.6,15.4
20220304,0,5,14.7
20220305,0,1.1,12.1
20220306,0,0,9.5
20220307,0,-1.6,10.1
20220308,0,-1.4,14.2
20220309,0,1.3,15.5
20220310,1.4,3.2,16.6
20220311,0,10.1,16.5
20220312,0,9.8,13
20220313,4,9.6,13.9
20220314,4,6.2,13.4
20220315,0,10,17.7
20220316,0,7.4,19.1
20220317,0,8.8,14.5
20220318,0,8.6,12.3
20220319,0,4.5,16.3
20220320,0,4.7,16.4
20220321,0,9.8,17.8
20220322,0,3.6,17.7
20220323,0,2.4,18.7
20220324,0,2.9,21.7
20220325,0,4.1,21.4
20220326,0,5.6,21.7
20220327,0,5.5,22.2
20220328,0,5,23.4
20220329,0,10.2,20.9
20220330,11,10.6,17.1
20220331,7.4,8.8,13.2
20220401,3,1.4,4.9
20220402,1.4,0.6,4.3
20220403,0,1.2,6.7
20220404,0,-0.2,12.4
20220405,0,1.8,16.8
20220406,0.4,8,16.4
20220407,1.4,9.2,15
20220408,0.2,11.1,20
20220409,0.4,4.8,11.9
20220410,0.2,1.5,16
20220411,0,3.2,19
20220412,0,13,21.7
20220413,0,12.1,23.5
20220414,0,13.4,23.7
20220415,0,14.2,24.3
20220416,0,13.9,22.5
20220417,0,8.6,21
20220418,0,6.3,22.4
20220419,0,7.4,22.2
20220420,0,10.6,21.9
20220421,0,13,22.1
20220422,0,8.9,23.1
20220423,4.8,11.4,18.7
20220424,7.2,8.9,18.4
20220425,0.6,12.4,17.7
20220426,0,10.6,19.9
20220427,0,7.4,21.8
20220428,0,8.7,24.5
20220429,0.6,9.8,23.3
20220430,0,9.4,21.3
20220501,0,8.9,21
20220502,0,8.8,22.9
20220503,0,11.5,22.9
20220504,0.4,10.4,23.5
20220505,0,12.9,20.3
20220506,0,11.7,20.1
20220507,0,13.6,24.1
20220508,0,14.7,23.9
20220509,0,13,26.3
20220510,0,12.4,29.3
20220511,0,15.7,31.5
20220512,0.8,17.2,29.1
20220513,0,15.6,25.7
20220514,0,16.2,27.6
20220515,1.4,13.5,30.9
20220516,0.2,14.7,30.3
20220517,0,15.7,31.2
20220518,0,17.3,32.4
20220519,0,20.7,33.1
20220520,0,22.4,32.3
20220521,0,19,31.2
20220522,2,19.2,30.7
20220523,11,16.8,28.5
20220524,0,14.8,22.4
20220525,0,13.2,23.9
20220526,0,13.2,23.7
20220527,0,14,25.7
20220528,0,14.8,23.5
20220529,0,12.5,21.7
20220530,0.2,12,24.8
20220531,2,13.6,20.7
20220601,2.6,14.1,25.7
20220602,0.2,16.3,29.1
20220603,0.2,17.5,32.6
20220604,3.6,17.6,35.4
20220605,0,18,29.1
20220606,1.8,16,27.7
20220607,0,15.7,26.5
20220608,11.8,14.5,24.8
20220609,2,14.4,22.8
20220610,0,13.9,26.4
20220611,0.2,14.2,31.1
20220612,0.4,16.8,33.4
20220613,0,20.3,28.3
20220614,0,16.2,32
20220615,0.8,18.3,35.6
20220616,0,20.4,34.6
20220617,0,22.4,34.9
20220618,0,19.8,38.9
20220619,0,26.2,36.9
20220620,0,24.5,36.8
20220621,5,23.6,34.2
20220622,19.3,19.7,31.9
20220623,3.4,18,29.4
20220624,4,17.5,24.7
20220625,15,15.8,30
20220626,0,16.3,23.8
20220627,0.4,17.3,22.5
20220628,0.4,15.9,27.4
20220629,0.4,19.4,30.5
20220630,20,16.2,31.2
20220701,0,13.7,24.3
20220702,0,13.5,30.2
20220703,0,17.4,33.3
20220704,0,19.7,28.7
20220705,0,19.1,29
20220706,0,19.2,28
20220707,0,16.1,27.8
20220708,0,16.4,27.4
20220709,0,16.5,28.7
20220710,0.8,19.3,28.6
20220711,0,17.5,30.2
20220712,0,19.7,32.3
20220713,0,17.5,35.3
20220714,0,18.4,37.7
20220715,0,23.5,32.6
20220716,0,20,31.2
20220717,0,19.7,33.4
20220718,0,19.3,38.2
20220719,0,21.2,40.1
20220720,0.6,23.3,34.8
20220721,0,20.8,32.8
20220722,1.2,19.2,37
20220723,0,22.9,30.1
20220724,0,19.9,36.1
20220725,0,23.4,35.8
20220726,0,20.6,29.4
20220727,0,19.5,29.4
20220728,0,17.1,34
20220729,0,21.2,29.5
20220730,0,19.5,32.2
20220731,0,19.1,34.2
20220801,0,20.6,34.8
20220802,0,22.3,33.8
20220803,0,19.4,39
20220804,0,25.3,40.3
20220805,0.8,24.4,35.6
20220806,0,20.4,31.3
20220807,0,19.3,31.2
20220808,0,20.2,32.7
20220809,0,20,34.7
20220810,0,19.6,35.4
20220811,0,19.1,37.6
20220812,0,20.1,35.6
20220813,6,18.7,35.2
20220814,12.7,19.5,26.4
20220815,0,17.1,29.3
20220816,3.4,17.2,34.5
20220817,42.5,18.1,29.1
20220818,7.6,16.1,24.6
20220819,5.8,18,27.1
20220820,0,19.8,29.1
20220821,0,16.1,28.5
20220822,0,18.6,29.2
20220823,0,18.9,31.2
20220824,0,18.4,33.2
20220825,7.7,17.2,35.1
20220826,0,21.8,28.8
20220827,0,18.8,27.6
20220828,0,19.1,31.5
20220829,0,17.3,34.1
20220830,4.4,21.3,29.3
20220831,0,19,29.2
20220901,0,17.6,30.4
20220902,3.4,18,30
20220903,29.3,17.7,26.1
20220904,0,16.1,31.3
20220905,0,19.3,32.2
20220906,0.8,21,30.9
20220907,8.2,18.1,28.1
20220908,0.2,15.2,27.1
20220909,0.2,14.5,25.8
20220910,0,14.5,25.2
20220911,0,13,26.6
20220912,0.2,13.3,31.3
20220913,0,19,30
20220914,7.9,20.1,29.6
20220915,3.6,16.3,26.4
20220916,0.2,16.1,22.1
20220917,0,11.1,17.2
20220918,0,9.2,21
20220919,0,10.6,20
20220920,0,10.4,20.4
20220921,0,10,21
20220922,0,6.9,22.9
20220923,6.2,8.7,23.7
20220924,18.1,14.9,22.7
20220925,6,12.9,18.6
20220926,2.6,12,19.2
20220927,4,11.1,17.4
20220928,11.6,11.6,18.9
20220929,1.4,10.8,15.7
20220930,0.2,8.3,16.6
20221001,3.2,7.8,16.2
20221002,0,13.4,24.6
20221003,0,14.3,18.6
20221004,0,10.3,20.2
20221005,0.2,11.1,24.6
20221006,0,12.5,21.6
20221007,0.2,12.4,23
20221008,7,14.8,18.8
20221009,0,8.6,18.4
20221010,0.2,11.1,23.3
20221011,0.4,12.4,20.9
20221012,0,14.1,18.8
20221013,4.6,11.7,18.6
20221014,0.4,14.3,18.8
20221015,0.2,11.4,24
20221016,0,14.8,24.8
20221017,0,17.7,25.1
20221018,0,13.5,25.6
20221019,1,11.9,23.2
20221020,3.4,16.9,22.1
20221021,3.2,16.9,21.9
20221022,0,13.9,23.4
20221023,0,14.8,24.2
20221024,1.4,17.2,23
20221025,0.2,11.2,21.8
20221026,0,13.5,24.4
20221027,0,12.9,25.3
20221028,0,15.1,25.5
20221029,0.2,12,26
20221030,0,11,25.3
20221031,9.6,12.4,23
20221101,0.2,14,18.6
20221102,0.2,9.2,17.1
20221103,1.6,7.6,16.4
20221104,9.2,8.1,13.4
20221105,0.2,7.9,11.8
20221106,0.2,3.2,14.9
20221107,0,5,16.1
20221108,12.8,7.6,18.6
20221109,17,13.5,14.9
20221110,0,9.4,14.3
20221111,0,10.2,15.1
20221112,0.2,8.5,14.4
20221113,0.2,9,13.2
20221114,5.2,8.3,16.3
20221115,1.6,10.8,16.4
20221116,0.2,7.9,16.7
20221117,1.4,12.3,17.6
20221118,2.4,9.1,12.6
20221119,0.6,7.5,10.9
20221120,1,4.5,10.6
20221121,4,4.5,9.6
20221122,0.4,5.6,10.1
20221123,2.4,3,10.5
20221124,0.2,3.6,12.7
20221125,1.8,6,10.8
20221126,0,5.6,9
20221127,0,5.9,13.1
20221128,9,9.3,10.8
20221129,0,6.9,9.4
20221130,0,7.4,9.6
20221201,0,6.2,8
20221202,6.4,4.5,5.8
20221203,4.6,3.2,4.8
20221204,4.6,3.3,5.8
20221205,0.2,0.7,6.5
20221206,0,-0.5,3.9
20221207,0.2,2.4,4.7
20221208,7.8,0.2,3.7
20221209,2,1.5,2.8
20221210,0,1.3,2.2
20221211,0,-2.6,-0.7
20221212,4.4,-2.8,0.1
20221213,1,-1.7,2.2
20221214,0.2,1.1,10.2
20221215,19.1,4.1,7.9
20221216,0.2,1.3,2
20221217,0,-3.5,0
20221218,0,-2.4,11.8
20221219,0,9.6,15
20221220,1,13.7,15.5
20221221,0.8,11.3,16.1
20221222,5.4,11,15.9
20221223,2.6,10.1,14.2
20221224,0.2,11.1,13.9
20221225,0,8.9,17.4
20221226,0.4,5.8,13.5
20221227,0.2,4.1,11.7
20221228,0,0.4,12.3
20221229,6.4,8.1,15
20221230,1.4,8.2,13.6
20221231,0,8.9,18.2
20230101,0,14.8,17.3
20230102,9,10.6,15.5
20230103,0.2,6.4,11.6
20230104,0.8,2.7,10.5
20230105,0.8,8.3,12.2
20230106,0.2,9.9,11.7
20230107,0.4,5.4,14.1
20230108,0.6,12.3,14.4
20230109,0.4,5,10.4
20230110,0.2,5,9.7
20230111,1,5.8,8.8
20230112,0.8,3.7,12.3
20230113,0.2,6.1,12
20230114,1.8,4.1,11.2
20230115,3.4,6.2,10.5
20230116,1.2,2.4,9.7
20230117,3.2,1.9,10.3
20230118,2.2,1.3,3.5
20230119,1.2,-1.6,3.4
20230120,3.2,-1.3,3.6
20230121,0,0.7,3.7
20230122,0,0,2.2
20230123,0,1.4,3
20230124,0,2.2,5.1
20230125,0,3.4,4
20230126,0,1.9,2.7
20230127,0,0.5,2
20230128,0,0,3.8
20230129,0,1.4,4.2
20230130,0,-0.6,5.4
20230131,0,3,9.1
20230201,0,2.3,9.3
20230202,0,3.5,10.1
20230203,0,4.9,10.2
20230204,0,5.5,10.6
20230205,1,5.8,9.5
20230206,0,4.1,7.3
20230207,0,1.1,8.5
20230208,0,-2.8,7.6
20230209,0,-3.3,8.2
20230210,0,-2.9,7.1
20230211,0.2,-3,8.5
20230212,0,-2.6,10
20230213,0,-2.7,12.8
20230214,0.2,-1.4,15.8
20230215,0,-0.1,14.3
20230216,0,-0.3,15.4
20230217,0.2,1.3,16.1
20230218,0,8.5,16.5
20230219,0,6.5,13
20230220,0,4.3,15.1
20230221,0,2.2,15.1
20230222,1.8,4.4,12.6
20230223,0.6,6.3,14.6
20230224,1,7.3,15.4
20230225,0,5.1,10.8
20230226,0,0.6,5.4
20230227,0,0.5,7.7
20230228,0,0.1,5.9
20230301,0,-1.6,5.5
20230302,0,2.1,9.7
20230303,0,0.1,9
20230304,0,6.1,12.9
20230305,0,0,9.4
20230306,0,-1.6,12
20230307,2.8,-0.5,9.4
20230308,6,3.7,12.2
20230309,1.4,4.7,17.1
20230310,7.8,10.4,16.3
20230311,4.4,7,10.1
20230312,1.2,8.9,16.8
20230313,13.9,7.8,22.5
20230314,3.4,8.7,13.2
20230315,0,3.3,13.1
20230316,0,1.2,18.9
20230317,0,11.8,17.9
20230318,0,8.6,19.6
20230319,13.5,10.8,17.5
20230320,0,7.1,15.6
20230321,0,4.1,18.6
20230322,0.2,5.5,22.7
20230323,0.6,14.4,19
20230324,3.6,12.7,16.7
20230325,0.6,7.5,17.1
20230326,10.6,10.5,16.5
20230327,0,6.2,8.7
20230328,0,1.7,14.8
20230329,0,10.2,22.1
20230330,0,14.4,22
20230331,1.2,11.7,20.5
20230401,14.9,8.4,16.1
20230402,4.4,7.5,11.6
20230403,0,7.5,11.7
20230404,0,2.3,12.9
20230405,0,2.6,14.3
20230406,0,2.2,16.3
20230407,0,6.7,16.4
20230408,0,4.9,17.4
20230409,0,5.4,19.8
20230410,0.4,5.8,21.1
20230411,0.2,10.8,16.4
20230412,1.4,9.5,15.7
20230413,1.6,3.8,15
20230414,2.8,7,13.6
20230415,0.4,8.4,12.4
20230416,0,5.5,12.1
20230417,0,8,15.8
20230418,0,8.4,18.3
20230419,0,7,22.5
20230420,1.6,8.1,16.3
20230421,0.8,6.4,20.3
20230422,5.4,14.4,19.4
20230423,3.6,10.8,20
20230424,0,10,17.6
20230425,0,10.7,18
20230426,0,7.1,21
20230427,0,10.1,24.4
20230428,18.2,15.2,26.1
20230429,0.6,15.2,20.6
20230430,0,11.4,19.7
20230501,0.6,13.2,19.9
20230502,0,11.5,21.1
20230503,0,9.8,24.1
20230504,0,11.5,27.9
20230505,0,14.5,25.8
20230506,0,13.6,27.4
20230507,2.4,15.8,18.9
20230508,0,14.3,22.7
20230509,7.6,14.3,21.4
20230510,0,11.7,18.9
20230511,4.4,11.2,18.3
20230512,10,11.3,19.5
20230513,8,12.6,19.4
20230514,2,11.5,21.4
20230515,0,11.6,20.6
20230516,0,11.8,14
20230517,0,9.5,17.3
20230518,0,9.9,17.3
20230519,0,12.4,21.6
20230520,0,13.6,20.7
20230521,0,14.4,23.9
20230522,0,15.9,26.7
20230523,0,17.4,22.1
20230524,0,14.6,22.9
20230525,0,11.3,24.2
20230526,0,13.1,27.5
20230527,0,15.6,29.9
20230528,0,15.7,29.2
20230529,0,14.6,28.8
20230530,0,14.3,27.8
20230531,0,15.8,28.7
20230601,0,14.3,29.2
20230602,2,16.3,29.5
20230603,7,15.6,29.1
20230604,5,16.5,28.7
20230605,0,15.4,28.4
20230606,0,14.2,30.1
20230607,0,16.3,30.9
20230608,0,19.2,30.4
20230609,3.6,19.7,24.6
20230610,2,18,28.2
20230611,1,18.6,29.4
20230612,1,17.6,30.1
20230613,3,18.2,28.1
20230614,0,17.4,29.4
20230615,0,17.5,29.6
20230616,0,19.8,30.4
20230617,0,16.5,32
20230618,0,18.1,31.5
20230619,0,21.7,32.7
20230620,0.2,19.2,33.3
20230621,2.8,19.5,29.4
20230622,11,17.5,24.7
20230623,0,15.9,27.9
20230624,0,18.6,31.4
20230625,0,17.2,35.2
20230626,0,20.4,30.8
20230627,0,18.8,27.3
20230628,0,18.8,28.8
20230629,11,18.3,32.4
20230630,1,16.7,24.2
20230701,2.8,14.2,25.7
20230702,0,17.4,26.6
20230703,0,18.9,28.2
20230704,0,17.9,31
20230705,6,18.2,27
20230706,0,16.2,30.1
20230707,0,18.2,34.4
20230708,0,21.8,36.6
20230709,0,23.3,37.9
20230710,0,24.5,35.2
20230711,1.2,22.7,38.8
20230712,0.4,21.7,26.2
20230713,0,18.7,28.1
20230714,0,15.8,34.1
20230715,8.9,24.4,35.3
20230716,0,17.2,27.5
20230717,0,20.5,30.4
20230718,0,19.6,36.2
20230719,0,23.7,32.4
20230720,0,19,30.3
20230721,0,20.3,27.3
20230722,0,16.7,31.3
20230723,2.2,18.4,36
20230724,17.3,20,27.1
20230725,0.4,18.2,25.4
20230726,0,14.9,25.9
20230727,0,14.1,33.2
20230728,0,21.4,32.2
20230729,3.4,21,27.4
20230730,0,18.5,27.1
20230731,0,15.2,31.4
20230801,0,19.3,29.7
20230802,1.2,20.8,33.8
20230803,0,18.8,28.9
20230804,3.4,15.8,22.3
20230805,0,14.5,25.3
20230806,0.2,15.9,21.6
20230807,0,14.1,24.8
20230808,0,12.6,28.7
20230809,0,14.7,31.8
20230810,0,18.1,33.3
20230811,0,18.8,35
20230812,0,23.2,35.1
20230813,5,21.5,35.5
20230814,1,19.2,34.3
20230815,0,19.9,35.8
20230816,0.6,19.6,34.8
20230817,0,21.1,37.7
20230818,0,19,38.2
20230819,0,22.3,37.7
20230820,0,23.7,37.9
20230821,0,24.4,38.2
20230822,0,23.5,40.4
20230823,0,24.5,38.2
20230824,0,22.6,41.6
20230825,4.6,22.9,35.6
20230826,26.9,17.5,22.2
20230827,0,16.1,22.3
20230828,1.8,14.5,19.5
20230829,0,14.3,22.4
20230830,0,15.8,24.5
20230831,0,14.5,27.5
20230901,0,15.4,31.3
20230902,0.2,19.2,32.1
20230903,0,17,33.3
20230904,0,17.4,36
20230905,0,19,34.9
20230906,0,21.1,33.4
20230907,0,20.6,34.6
20230908,0,19.8,34.4
20230909,0,20.1,34.7
20230910,0,17.4,35.1
20230911,0,17.2,34.5
20230912,1.4,20.1,32.4
20230913,10.2,19.1,21.2
20230914,0,16.6,26.7
20230915,2.8,15.3,30.1
20230916,0.2,18.5,28.7
20230917,36.3,19.6,31.8
20230918,5.8,18.5,24.5
20230919,0,17.3,25.8
20230920,0,13.4,27.5
20230921,16.7,16.7,24.8
20230922,5.7,14.4,22.5
20230923,0,10.3,20.1
20230924,0.2,9.4,22.6
20230925,0.2,9.3,25
20230926,0,9.9,26.2
20230927,0.2,10.9,27.2
20230928,0,13.6,27.8
20230929,0,14.4,28.3
20230930,0,17.8,24.3
20231001,0.2,11.8,25.1
20231002,0,12.5,29.7
20231003,0,16.9,27.8
20231004,0,14.1,20.8
20231005,0,9.5,21.8
20231006,0.2,8.3,22.9
20231007,0,7.7,23.9
20231008,0,9.9,26
20231009,0.2,11,28
20231010,0,11.8,27.3
20231011,0.2,11.8,27.5
20231012,0,15.4,26.3
20231013,0.2,15.4,25.4
20231014,0.2,15.4,24.6
20231015,0,10.1,16.8
20231016,0,7.3,15.2
20231017,0,8.2,22.6
20231018,6.8,15.3,23.9
20231019,60.6,16,21.5
20231020,13.2,13.7,19.3
20231021,0,14.7,20
20231022,1,8.4,17.6
20231023,44.8,9.6,22.5
20231024,1.2,11.6,15.1
20231025,4.6,11.2,18.8
20231026,11.9,14.4,15.7
20231027,1.4,10.4,18.2
20231028,0.4,10.4,18.3
20231029,0,14.7,20.7
20231030,12.3,12.4,20.2
20231031,3.2,10.6,17.4
20231101,2,7.1,16.3
20231102,8.3,11.3,15.3
20231103,2,7.8,12.7
20231104,7.6,8.8,13
20231105,1.4,8.4,17
20231106,0,10,15.4
20231107,0.4,8.3,13.4
20231108,2,2.9,13.5
20231109,6.6,9.4,12
20231110,3.4,8.5,13.5
20231111,3.4,4.7,13
20231112,5.4,6.6,14.9
20231113,3.4,10,16.2
20231114,2.2,13.8,16.2
20231115,0.2,7.7,14.6
20231116,1,6.3,16
20231117,0.6,8.1,12.1
20231118,0,4.2,12.4
20231119,0,8,15.7
20231120,6,6.7,12.2
20231121,2.6,7.2,11.4
20231122,0,6.7,10.2
20231123,0,1,8.4
20231124,3.2,7.1,13
20231125,0,3.2,6.8
20231126,0,1.3,6.9
20231127,7.8,1,7.1
20231128,1.2,4.7,8.8
20231129,7,-0.9,6.6
20231130,15.7,3.8,10.7
20231201,21.7,5.1,7.7
20231202,0,0.8,2.6
20231203,0,-3,6.5
20231204,1.2,-0.2,9.5
20231205,0,4.3,10.2
20231206,0,1.8,8.1
20231207,10.7,1.7,11.1
20231208,1.8,5.8,9.1
20231209,4.6,5.5,12.3
20231210,7.8,4.2,13.1
20231211,0.8,9,15.2
20231212,7.4,10.3,12.1
20231213,0.8,8.4,12.9
20231214,6,7.1,9.5
20231215,0,3.8,9.5
20231216,0,5.5,6.3
20231217,0,1.1,7.2
20231218,0,-0.3,4.6
20231219,3,-1.1,3.3
20231220,0.6,0.9,8.2
20231221,0.6,4.9,10.5
20231222,1,7.7,12.4
20231223,0.4,7.7,10.1
20231224,0,3.1,10.9
20231225,0.4,0.7,8.5
20231226,0.2,-0.6,8
20231227,0.2,0.2,12.2
20231228,0.6,2,13.1
20231229,0.4,8,12.9
20231230,0,3.3,12.5
20231231,2,6.8,13.1
20240101,2.8,1.8,9.9
20240102,7.2,5.7,11.4
20240103,0,4.8,15.1
20240104,0,5.4,13.5
20240105,7.4,6.2,9.1
20240106,1.6,5.4,7.8
20240107,0.2,4,4.7
20240108,0.2,-0.3,1.1
20240109,0.8,-0.5,1.3
20240110,2,0.6,2
20240111,0,0.4,1
20240112,0,-0.5,1.4
20240113,0,-3.3,0.9
20240114,1,-1.3,3.6
20240115,4.6,2.6,4.7
20240116,1.6,-1.4,11.5
20240117,15.1,1.3,14.3
20240118,5,3.2,13.3
20240119,0,-0.5,1.3
20240120,0,-2.5,0.6
20240121,0,-3.6,9.2
20240122,1.8,-1,9.2
20240123,0,3.2,12.4
20240124,0,4.4,15.2
20240125,0,4.6,14.5
20240126,0.4,4.2,14.2
20240127,0,4.1,7.4
20240128,0,2.4,16.7
20240129,0,6.3,16.2
20240130,0,3.6,14.6
20240131,0,2.5,12.5
20240201,0.2,4.3,10.4
20240202,0,8,12.2
20240203,0.2,2.1,8.9
20240204,0,5.1,7
20240205,0,4.8,7.4
20240206,0,1.3,9.7
20240207,3.2,5.8,14.3
20240208,2,9.6,15.8
20240209,6.6,11.3,14.2
20240210,19.5,6.8,10.3
20240211,0.8,6.1,12
20240212,0,3.1,11.6
20240213,0,3.1,12.5
20240214,0,5.3,16.4
20240215,0,4.5,18.5
20240216,0.2,9.6,18.2
20240217,0,9.7,11.6
20240218,0.6,9.5,14.6
20240219,1.4,9.3,14.3
20240220,0,8,13.6
20240221,10.2,4.2,16.2
20240222,6.1,10,13.6
20240223,0.2,2.5,11.4
20240224,0,5.3,11.8
20240225,4.4,5.5,11.4
20240226,0,8.9,15.5
20240227,0,5.3,11.3
20240228,0,7.5,10.8
20240229,0.2,2,12.6
20240301,0,4.8,13.5
20240302,0.2,7.7,15.1
20240303,31.6,2.5,10.7
20240304,0,4.3,9.5
20240305,0.6,3.2,10.4
20240306,0.4,4.4,10.7
20240307,0,0.5,14.2
20240308,0,4.5,14.2
20240309,18.7,5.9,16.1
20240310,3.8,6.3,13.7
20240311,2.6,5.4,11
20240312,0.4,6.2,13.5
20240313,0,8.3,17
20240314,0.2,5.1,20
20240315,1.2,8.4,19.5
20240316,0.4,9.8,18.3
20240317,2,9.4,18.1
20240318,1,11.8,20.4
20240319,0,7.6,20.4
20240320,0,6.6,23.3
20240321,0,10.2,23.2
20240322,0,11.8,25
20240323,0,9.8,14.4
20240324,0.6,6.3,13
20240325,2.6,1.8,16.5
20240326,44.6,10.6,14.3
20240327,1.6,3.9,12.9
20240328,0,9.5,18.5
20240329,0,13.8,20.8
20240330,21.9,9.6,17
20240331,21.7,9.6,18
20240401,0.8,9,16.7
20240402,1.2,8.3,18.6
20240403,3.2,11.1,18.6
20240404,0,8.1,23.7
20240405,0,14.1,23.4
20240406,0,15.8,25.1
20240407,0,18.6,24.1
20240408,15.9,17.5,26
20240409,7.8,7.7,14.1
20240410,0,6.4,15
20240411,0,7.4,19.3
20240412,0,7.1,23.5
20240413,0,9.5,28.7
20240414,0,11,29.9
20240415,0.6,17,24.4
20240416,0.4,7.9,14.1
20240417,8,6.4,13.2
20240418,3.6,4,11.3
20240419,0.8,2.9,16.6
20240420,0.2,5.9,13.1
20240421,0.8,4.8,10.6
20240422,0.2,3.5,10.8
20240423,0,4,12.6
20240424,0,4.5,11.4
20240425,1.4,5.2,16.9
20240426,3.6,9.6,16.7
20240427,31.6,11.1,21.8
20240428,65.6,10.9,11.9
20240429,0.4,10.1,14.3
20240430,0.2,11.7,18.5
20240501,32.2,11.1,20.4
20240502,4.2,9.9,12.3
20240503,0.8,8.8,18.7
20240504,4.8,7.9,20.8
20240505,5,12.3,22.8
20240506,5.6,10.6,14.9
20240507,7.2,10.7,18.5
20240508,0,11.8,21.1
20240509,0,10.8,22.5
20240510,0,10.7,26.9
20240511,0,12.8,30.1
20240512,0,14.7,28.2
20240513,0.8,14.9,27.5
20240514,23.8,14.9,19
20240515,6.4,12.4,19.7
20240516,8.4,11.7,18.6
20240517,0.2,9.2,23.3
20240518,1.6,12,21.6
20240519,1,10.7,25
20240520,3.4,12.6,27.3
20240521,0,11.3,22.9
20240522,0.6,15.5,23
20240523,0.8,13.8,21
20240524,0.6,12.4,21.9
20240525,0,11.3,24.2
20240526,0.6,14.7,26.9
20240527,1.4,15.8,21.7
20240528,0,12.8,24
20240529,2,14,23.5
20240530,10,15.5,22
20240531,3,11.8,19.7
20240601,0,13,21.7
20240602,4,14.2,17.1
20240603,0,15.2,18.6
20240604,0.4,14.7,25.6
20240605,0,14.9,30.1
20240606,0.2,15.9,26.6
20240607,1.8,17.3,28
20240608,0.2,17,31.8
20240609,0.2,17.9,25.2
20240610,0,14.6,25
20240611,0,13.6,20
20240612,0,12,22.2
20240613,4.2,12.2,25.3
20240614,23.2,15.3,25.5
20240615,0,14.3,24.8
20240616,0,13.2,26.6
20240617,0,18.7,30.5
20240618,0,18.6,32.4
20240619,0,19.4,31.4
20240620,8.8,19.3,25.8
20240621,11.9,17.9,25
20240622,17.5,15.3,24.4
20240623,0,15.1,23.1
20240624,0,17.1,28.4
20240625,0,18.3,31.3
20240626,0,20.1,31.7
20240627,1.4,21.2,32.8
20240628,1,20.3,33.1
20240629,1.8,21.2,30.4
20240630,0,19.5,23.3
20240701,0,17.6,26.5
20240702,0.2,16.5,22.3
20240703,1,15,22.8
20240704,0.2,17.1,27.4
20240705,0,16.3,31.8
20240706,4.4,17.5,26
20240707,0,15.4,25.5
20240708,0,13.7,33
20240709,0.6,17.5,34.3
20240710,0.8,20.9,28.9
20240711,20.3,20.8,30.6
20240712,8.1,20.3,30
20240713,0,13.5,25.9
20240714,0,13.7,28.7
20240715,1.6,19.5,31.5
20240716,0,19.5,28.5
20240717,0,17.8,29.1
20240718,0,16.9,33
20240719,0,18.2,32.7
20240720,4.4,19.3,36.5
20240721,3,19.3,27.4
20240722,1.8,20.2,27.4
20240723,0,17.1,29.1
20240724,0,19.1,27.9
20240725,0,16.6,30.7
20240726,0,16.9,33.1
20240727,0,19.3,35.9
20240728,0,20.6,30.8
20240729,0,20.1,35.6
20240730,0,22,38.5
20240731,0,24.3,38.6
20240801,0,22.3,33.3
20240802,2.2,21.8,32.6
20240803,0.2,21.1,30.4
20240804,0,19.6,28.9
20240805,0,18.8,31.6
20240806,0,18.4,34.2
20240807,0,23.8,32.8
20240808,0,21.7,30.5
20240809,0,17.8,32.9
20240810,0,20,33.5
20240811,0,20.4,38.8
20240812,0,22.6,38.6
20240813,2.8,23.2,37.3
20240814,5.4,19.8,27.9
20240815,0,20.2,31
20240816,0,21.2,31.1
20240817,18.4,20.1,30.1
20240818,2.8,17.2,20.9
20240819,0,16.5,26.4
20240820,0.2,15.9,29
20240821,0,18.8,25.8
20240822,0,12.8,29.3
20240823,0,14.4,33.7
20240824,14.2,17.6,33.7
20240825,0,16.6,25.1
20240826,0,15.2,25.3
20240827,0,14.6,29.1
20240828,0,17.1,35.1
20240829,0,19.5,36.1
20240830,0,19.8,34.5
20240831,0,20.2,36.7
20240901,0.4,19.2,30
20240902,0,18.8,30.6
20240903,4.7,18.8,32.6
20240904,17.4,19.5,24
20240905,2.2,16.2,21.1
20240906,0,13.8,26
20240907,14.5,15.6,31.6
20240908,7.4,15.8,21.6
20240909,0.8,14.6,19.9
20240910,0.2,13.9,21.9
20240911,7.4,11.8,19.6
20240912,2.4,10.5,16.3
20240913,0,8,16.8
20240914,0,10.2,17.9
20240915,0,8.7,18.9
20240916,0,11.9,20.5
20240917,0,13.7,19.9
20240918,0,10.2,22.5
20240919,0.2,10.3,25
20240920,0,12.6,25.7
20240921,0.2,13.2,25.5
20240922,15.9,16.3,18.9
20240923,0,15.6,22.5
20240924,0.2,14.7,20
20240925,4.8,13.9,21.1
20240926,24.7,16.9,19.4
20240927,1,13.9,20.6
20240928,0.4,12.3,15.7
20240929,0,7.5,18.3
20240930,0.6,14.4,23.8
20241001,10.6,15.2,19.6
20241002,0,11.5,17.6
20241003,0,11.1,17.5
20241004,0,10,15.6
20241005,0.2,9.4,15.4
20241006,2.4,7.7,19
20241007,67.1,14.6,22.8
20241008,24.2,14.3,18.4
20241009,1.4,11.3,23.6
20241010,3.4,12.8,18.4
20241011,0.2,9.6,18.5
20241012,4.4,7.4,18.6
20241013,1,15.2,22.6
20241014,1.4,12.4,23.5
20241015,0,14.9,25.9
20241016,29.1,17.4,22.9
20241017,62,16.1,18.4
20241018,4.4,13.4,21.2
20241019,0.2,13.5,19
20241020,0.2,9.9,20.1
20241021,0.2,10,23.4
20241022,0.2,14.7,19.2
20241023,0,13.2,18.9
20241024,1,9.9,20.5
20241025,0,14,23
20241026,0.6,12.3,18.3
20241027,0,11.8,19.8
20241028,0.2,12.1,21.4
20241029,0.2,10.8,19.2
20241030,0,12.4,15.5
20241031,0,12.4,14.6
20241101,0.2,11.7,16.6
20241102,0,9.8,10.8
20241103,0,9.7,14.5
20241104,0.2,8.6,14
20241105,0,7.8,17.8
20241106,0.4,11,15.2
20241107,0.2,12,15.3
20241108,0.2,9.2,14.1
20241109,0,8.8,16.7
20241110,0,8.9,12.7
20241111,1.4,7.9,9.3
20241112,0,7.2,9.6
20241113,0,6.5,7.4
20241114,0,4.3,7.9
20241115,0,4.6,9
20241116,0.2,2.6,8.2
20241117,0,1.2,10.2
20241118,1.6,5.1,10.9
20241119,6.6,5.4,13.4
20241120,0.4,5.3,8.4
20241121,3.8,1.8,12.2
20241122,0,1.1,5.1
20241123,0,-2,13.6
20241124,0,10.5,15.9
20241125,14.9,14.7,18.4
20241126,0,7.4,12.7
20241127,0.4,5,13.2
20241128,0.8,5.8,11.5
20241129,0,3.9,5.8
20241130,0,1.1,6.1
20241201,0,3.1,10
20241202,4.6,6.2,12.2
20241203,0,6.5,9.3
20241204,0,3.7,8
20241205,1.2,-0.4,9
20241206,1.4,6.1,11.4
20241207,7.2,2.8,8.4
20241208,7,4.4,7.9
20241209,0,5.4,7.5
20241210,0,4.2,5.6
20241211,0.2,-0.1,4.7
20241212,0,0.8,2.5
20241213,10.6,1.7,4.2
20241214,1.8,2.5,7
20241215,0,4.2,6.9
20241216,0,0.2,7
20241217,0.2,2.4,8.2
20241218,1.4,2.9,12.4
20241219,13,4.6,11.2
20241220,0.4,3.4,6.7
20241221,1.4,2.6,8.9
20241222,5.2,4.3,11.4
20241223,1.4,3.7,6.6
20241224,0,4,6.8
20241225,0,1.6,6.3
20241226,0,-2.1,4.8
20241227,0.2,-1.1,1.8
20241228,0,-1.2,1.5
20241229,0,-1.9,-0.5
20241230,0,-1.6,-0.5
20241231,0,-1.7,1.1
20250101,0.2,-0.6,8.7
